management_id,Management
1,( เฟิร์ส แปซิฟิค ฮาริสัน)(First Pacific)
2,( บ.กู๊ด แอสเซท แมเเนจเม้นท์ )
3,( บ.บิ๊ก ทรี แอสเสท (Big Tree Asset)
4,( บ.รัศมิ์ลภัส)
5,((จัดการทรัพย์สินและชุมชน(CEMCO))>>
6,((บ. เอสเอ็มซี พร็อพเพอร์ตี้ ซอฟต์ (SMC))>>
7,((บ.ทัฟฟ์ เซอร์วิส (Tuff Servic )(CRM)(บริหาร))
8,((บ.ทัฟฟ์ เซอร์วิส(CRM)(บริหาร))
9,((บ.ลีฟ อัลติเมท แวลูส์(บริหาร))
10,(BM Group (บริหาร)
11,(BM Group(บริหาร)
12,(CBM) Facilities Management
13,(CBM)บ. รักษาความปลอดภัย ซีบีเอ็ม แฟซิลิตี้ส์ แมนเนจเม้นท์
14,(Cemco)
15,(CPN)
16,(IQ)
17,(IRM บริหาร)
18,(IRM บริหาร))
19,(Knight Frank)
20,(KSE Realty เคเอส)
21,(KSE Realty เคเอสอี เรียลตี้ แมนเนจเมนท์)
22,(Major Property Service)
23,(Major Property)
24,(NEW)(จะโอนภายในวันที่ 31/5/64)
25,(One Propery)
26,(PA Linn)
27,(PLM)
28,(PMC )บ.พร็อพเพอร์ตี้ แมเนจเม้นท์ คอนโทรล
29,(PMC)
30,(P-Plus)
31,(Raimond Land Unixx)
32,(RPM )เรียลพร็อพเพอร์ตี้
33,(RSG ) (อาร์เอสจี แบง พร็อพเพอร์ตี้ แมเนจเม้นท์)
34,(RSG ) (อาร์เอสจี แบง พร็อพเพอร์ตี้ แมเนจเม้นท์) 02-249-8849 คุณขวัญ ออกใบเสร็จไม่ได้
35,(RSG)
36,(RSG)บ.อาร์เอสจี แบง พร็อพเพอร์ตี้ แมเนจเม้นท์
37,(Savills)
38,(Silk Road Place)
39,(Smart Service)
40,(SMC)
41,(Thai Asset Property)
42,(Ville วิลล์คอน)
43,(Villecon วิลล์คอน)
44,(Villecon)
45,(เจนัส (Janus)
46,(เจนัส)
47,(เพกาซัส)
48,(เฟิร์ส แปซิฟิค ฮาริสัน)
49,(เมโทร)
50,(เมกะ พร็อพเพอร์ตี้ แมเนจเม้นท์ แอนด์ คอนซัลแทนซี่ )(Mega)
51,(เรียลพร็อพเพอร์ตี้ (RPM )(บริหาร)))
52,(เอคควิตี้ พร็อพเพอร์ตี้ แมเนจเม้นท์)
53,(เอซีอาร์ แมเนจเม้นท์ ( Acute )บริหาร))
54,(เอฟ พร็อพเพอร์ตี้ F Property)
55,(เอส.เอ็ม.เดคคอร์เรชั่น ) SM
56,(แอ็บสแตร็กส์ (Abstract)
57,(ไนท์แฟรงค์( Knight Frank)
58,(กู๊ด แอสเซท แมเเนจเม้นท์ )
59,(จี วัน แลนด์ (G/1 Land))
60,(ซื้อโปรแกรม GL ส่วนตัว)
61,(ทรู พร็อพเพอร์ตี้ เซอร์วิส True Property)
62,(นีโอ เรสสิเด้นส์ แมเนจเมนท์)
63,(บ. เฟิร์ส แปซิฟิค ฮาริสัน (First Pacific)
64,(บ. เมกะ พร็อพเพอร์ตี้)
65,(บ. เมกะ พลัส พร็อพเพอร์ตี้ แมเนจเม้นท์(Mega Property)
66,(บ. เอ.ซี. พร็อพเพอร์ตี้ กรุ๊ป)
67,(บ. เอสเอ็มซี พร็อพเพอร์ตี้ ซอฟต์ (SMC))
68,(บ. เอสเอ็มซี พร็อพเพอร์ตี้ ซอฟต์ (SMC)))>>
69,(บ. เอสเอ็มซี พร็อพเพอร์ตี้ ซอฟต์ (SMC))>>
70,(บ. ดี เวล แกรนด์ แอสเสท )
71,(บ. พาร์ทเนอร์ คลับ)
72,(บ. พี.พลัส พร็อพเพอร์ตี้ แมเนจเม้นท์ (P-Plus)
73,(บ. ยูไลฟ์ )
74,(บ. ริช พร็อพเพอร์ตี้ แมเนจเม้นท์ ( Rich Property ))
75,(บ. ริช พร็อพเพอร์ตี้ แมเนจเม้นท์)
76,(บ. วาย แอล พี)
77,(บ.Building Desing 2549)
78,(บ.เคเอสอี เรียลตี้ แมนเนจเมนท์ (KSE Realty )
79,(บ.เคอร์เทซี เซอร์วิสเซส คอร์ปอเรชั่น )
80,(บ.เซ็นจูรี่ ทเวนตี้วัน พร็อพเพอร์ตี้ เอมส์ (Century 21 Property Aims) (บริหาร))
81,(บ.เซ็นจูรี่ ทเวนตี้วัน พร็อพเพอร์ตี้ เอมส์(บริหาร)
82,(บ.เซ็นจูรี่ ทเวนตี้วัน พร็อพเพอร์ตี้ เอมส์(บริหาร))
83,(บ.เดอะไนน์ พร๊อพเพอร์ตี้ แมเนจเมนท์ (The Nine)
84,(บ.เดอะไนน์ พร๊อพเพอร์ตี้ แมเนจเมนท์(The Nine Property)
85,(บ.เดอะไนน์ พร๊อพเพอร์ตี้ แมเนจเมนท์(The Nine)
86,(บ.เดอะไนน์ พร๊อพเพอร์ตี้ แมเนจเมนท์)
87,(บ.เดอะไนน์)
88,(บ.เดอะสมาร์ท กรุ๊ป)
89,(บ.เบเน่ เบเน่ (Bene Bene)
90,(บ.เบเน่ เบเน่)
91,(บ.เพกาซัส อินเตอร์เนชันแนล)
92,(บ.เพอร์เฟค พร็อพเพอร์ตี้ แอนด์ แอคเค้าท์ติ้ง)
93,(บ.เฟิร์ส แปซิฟิค ฮาริสัน (First Pacific)(บริหาร)
94,(บ.เมเจอร์ พร็อพเพอร์ตี้ เซอร์วิส (Major Property Service)
95,(บ.เมเจอร์ พร็อพเพอร์ตี้ เซอร์วิส (Major Property Service)(บริหาร)
96,(บ.เมเจอร์ พร็อพเพอร์ตี้ เซอร์วิส (Major Property Service)(บริหาร))
97,(บ.เมโทร พรอพเพอร์ตี้ แมเนจเม้นท์ (Metro)
98,(บ.เมโทร พรอพเพอร์ตี้ แมเนจเม้นท์ (Metro)(บริหาร)
99,(บ.เมโทร พรอพเพอร์ตี้ แมเนจเม้นท์ (Metro)(บริหาร))
100,(บ.เมโทร พรอพเพอร์ตี้แมเนจเม้นท์ (Metro ProPerty)(บริหาร)
101,(บ.เมกะ พร็อพเพอร์ตี้ แมเนจเม้นท์ แอนด์ คอนซัลแทนซี่ )(บริหาร)
102,(บ.เมกะ พร็อพเพอร์ตี้ แมเนจเม้นท์ แอนด์ คอนซัลแทนซี่(บริหาร))
103,(บ.เมกะ/บ.ออลล์ไรซ์)
104,(บ.เรียลแมนเนจเม้นท์ 2552 ( Real Management 2552 )
105,(บ.เรียลพร็อพเพอร์ตี้แมเนจเม้นท์( RPM)(บริหาร)
106,(บ.เวอร์ติคอล (Vertical)
107,(บ.เศรษฐธนาแลนด์)
108,(บ.เอคควิตี้ พร็อพเพอร์ตี้ แมเนจเม้นท์ (Equity)
109,(บ.เอคิว พร๊อพเพอร์ตี้ แมเนจเม้นท์ (IQ)
110,(บ.เอซีอาร์ แมเนจเม้นท์ ( Acute)(บริหาร)
111,(บ.เอซีอาร์ แมเนจเม้นท์ (Acute)(ACRM)(บริหาร)>>
112,(บ.เอ็นพี ซิสเท็มเซอร์วิส (บริหาร)
113,(บ.เอฟ พรอพเพอร์ตี้ แมเนจเม้นท์ (F Property)
114,(บ.เอฟ พรอพเพอร์ตี้ แมเนจเม้นท์ (F Property) >>
115,(บ.เอฟ พรอพเพอร์ตี้ แมเนจเม้นท์ (F Property)(บริหาร)
116,(บ.เอฟ พรอพเพอร์ตี้ แมเนจเม้นท์ )(F Property)
117,(บ.เอ็มคิวดีซี เคอร์เทซี เซอร์วิส คอร์ปอเรชั่น )(QMDC)
118,(บ.เอ็มคิวดีซี เคอร์เทซี เซอร์วิส คอร์ปอเรชั่น) (MQDC Courtesy)
119,(บ.เอ็มดีเอ็ม แมเนจเม้นท์ กรุ๊ป (ADM )
120,(บ.เอ็มดีเอ็ม แมเนจเม้นท์ กรุ๊ป (MDM )
121,(บ.เอ็มดีเอ็ม แมเนจเม้นท์ กรุ๊ป (MDM)
122,(บ.เอส.เอ็ม.เดคคอร์เรชั่น ) (SM Decoration)
123,(บ.เอสเอ็มซี พร็อพเพอร์ตี้ ซอฟต์ (SMC)
124,(บ.เอสเอ็มซี พร็อพเพอร์ตี้ ซอฟต์ (SMC))
125,(บ.แกรนด์ เวิร์ค พลัส แอสเสท)
126,(บ.แกรนด์ แอสเซท พรอสเพอริตี้ (Grand Asset Prosperity)
127,(บ.แกรนด์ แอสเซท พรอสเพอริตี้)(Grand Asset Prosperity)
128,(บ.แซนด์ แอนด์ สโตน (Sand & Stone)
129,(บ.โบ๊เบ๊ทาวเวอร์)
130,(บ.โมเดอร์น พร็อพเพอร์ตี้ แมเนจเม้นท์)
131,(บ.ไทย แอซเซ็ท พร็อพเพอร์ตี้ แอนด์ เจ.พี (Thai Asset Property)
132,(บ.ไทย แอซเซ็ท พร็อพเพอร์ตี้ แอนด์ เจ.พี (Thai Asset Property))
133,(บ.ไทย แอซเซ็ท พร็อพเพอร์ตี้ แอนด์ เจ.พี )
134,(บ.ไทย แอซเซ็ท พร็อพเพอร์ตี้ แอนด์ เจ.พี)
135,(บ.ไทย แอซเซ็ท พร็อพเพอร์ตี้ แอนด์ เจ.พี) (Thai Asset Property)
136,(บ.ไทย แอซเซ็ท พร็อพเพอร์ตี้ แอนด์ เจ.พี)(บริหาร)
137,(บ.ไทย แอสเสท กรุ๊ป)
138,(บ.ไบรท์ ดีเวลลอปเมนท์ กรุงเทพ)
139,(บ.ไบร์ท พร็อพเพอร์ตี้ เซอร์วิสเซส )
140,(บ.ไพรม์ พร็อพเพอร์ตี้ กรุ๊ป (Prime Property Group)
141,(บ.ไพรม์ พร็อพเพอร์ตี้ กรุ๊ป (Prime Property Group)(บริหาร))
142,(บ.ไอคิว แมเนจเม้นท์
143,(บ.ไอสไตล์ พร็อพเพอร์ตี้( I Style)บ.ไอคิว แมเนจเม้นท์ (IQ)
144,(บ.กรุ๊ป 5 ฟะซิลลิที แมเนจเม้นท์ (Group 5 Facility)
145,(บ.กรุ๊ป 5 ฟะซิลลิที แมเนจเม้นท์ (Group 5 Facility)>>
146,(บ.กลาสเฮ้าส์ รัชดา(Glass House)
147,(บ.กู๊ด แอสเซท แมเเนจเม้นท์ (Good Asset)
148,(บ.คิง เมเนจเม้นท์ (บริหาร)
149,(บ.จงรัก พร็อพเพอร์ตี้ แมเนจเมนท์)
150,(บ.จัดการทรัพย์สินและชุมชน (CEMCO)
151,(บ.ซาวิลส์ (Savills)
152,(บ.ซาวิลส์ (Savills)>>
153,(บ.ซุปเปอร์ทีม แมนเนจเม้นท์ (STM))
154,(บ.ณวรางค์ แอสเซท)
155,(บ.ดับเบิ้ลยู เอ.เอ็ม.รุ่งเรือง แมเนจเม้นท์ (WAM)
156,(บ.ดับเบิ้ลยู เอ.เอ็ม.รุ่งเรือง แมเนจเม้นท์ (WAM))
157,(บ.ดิเอ็กเซลเลนซ์ (THE EXCELLENCE) (บริหาร)
158,(บ.ทรู พร็อพเพอร์ตี้ เซอร์วิส( True Property)(บริหาร)
159,(บ.ทรู พร็อพเพอร์ตี้ เซอวิส (True Property )
160,(บ.ทรูพร็อพเพอร์ตี้ เซอร์วิส (True Property )(บริหาร)
161,(บ.ทรูพร็อพเพอร์ตี้ เซอร์วิส(True Property)
162,(บ.ทรูพร็อพเพอร์ตี้ เซอร์วิส) (True Property)
163,(บ.ทองหล่อ เมเนจเม้นท์ )
164,(บ.ทองหล่อเมเนจเม้นท์)
165,(บ.ทัฟฟ์ เซอร์วิส (Tuff Servic )(CRM)
166,(บ.ทัฟฟ์ เซอร์วิส (Tuff Servic )(CRM)(บริหาร)
167,(บ.ทัฟฟ์ เซอร์วิส (Tuff Servic )(CRM)(บริหาร))
168,(บ.ทัฟฟ์ เซอร์วิส(CRM Tuff Service( บริหาร))
169,(บ.ทำแทน แมเนจเม้นท์ )(บริหาร))
170,(บ.ทีซี พร็อพเพอร์ตี้ (TC Property)
171,(บ.นีโอ เรสสิเดนส์ แมเนจเมนท์)
172,(บ.บอส เซอร์วิส พลัส (Boss Service Plus )
173,(บ.บัณฑิตทาวน์)
174,(บ.บิ๊ก ทรี แอสเสท(บริหาร))
175,(บ.บิซิเนส พร๊อพเพอร์ตี้ แมเนจเม้นท์ (BPM)
176,(บ.บิยอนด์ พรอพเพอร์ตี้ แมเนจเม้นท์ (บริหาร))>>
177,(บ.บิลท์ ฮาร์ท(Built Heart)
178,(บ.บี เอส เอเจนซี่)
179,(บ.พรไพลิน)
180,(บ.พรพลาซ่า พรอพเพอร์ตี้)
181,(บ.พร็อพเพอร์ตี้ แมเนจเม้นท์ คอนโทรล (PMC)
182,(บ.พร็อพเพอร์ตี้ แมเนจเม้นท์ คอนโทรล( PMC)
183,(บ.พร็อพเพอร์ตี้ แมเนจเม้นท์ คอนโทรล( PMC)(บริหาร))
184,(บ.พร็อพเพอร์ตี้ แมเนจเม้นท์ คอนโทรล( PMC)))>>
185,(บ.พร็อพเพอร์ตี้ แอนด์ ไลฟ์ แมเนจเม้นท์ (PLM)
186,(บ.พร็อพเพอร์ตี้ แอนด์ ไลฟ์ แมเนจเม้นท์ (PLM)(บ.บริหาร)
187,(บ.พรอพเพอร์ตี้ โปร บิวดิ้ง แมเนจเม้นท์ )
188,(บ.พรอพเพอร์ตี้ โปร บิวดิ้ง แมเนจเม้นท์)
189,(บ.พิชชา พร็อพเพอร์ตี้แมเนจเม้นท์ (บริหาร)
190,(บ.พี เอ ลินน์ ฟิลลิปส์ (PA Linn)
191,(บ.พี แลนด์ แอนด์ เฮ้าส์ เซอร์วิส)
192,(บ.พี.เอ.เอ็น เรียลเอสเตท แมนเนจเม้นท์ (PAN)
193,(บ.พี.พลัส พร็อพเพอร์ตี้ แมเนจเม้นท์ (P-Plus) ยังไม่ชำระเงิน
194,(บ.พี.พลัส พร็อพเพอร์ตี้ แมเนจเม้นท์( P-Plus)
195,(บ.พี.พลัส พร็อพเพอร์ตี้ แมเนจเม้นท์( P-Plus)(บริหาร)
196,(บ.พี.พลัส พร็อพเพอร์ตี้ แมเนจเม้นท์(P-PLUS )(บริหาร)
197,(บ.พีเคเค พร็อพเพอร์ตี้ แมเนจเม้นท์ ( PKK)
198,(บ.พีพีเอ็ม เเมนเนจเมนท์ (PPM)
199,(บ.พีพีเอ็ม เเมนเนจเมนท์ (PPM)(บริหาร)
200,(บ.พีพีเอ็ม เเมนเนจเมนท์ (PPM)(บริหาร))
201,(บ.พีพีเอ็ม เเมนเนจเมนท์ (PPM)(บริหาร))>>
202,(บ.พีพีเอ็ม เเมนเนจเมนท์ (PPM)บริหาร))
203,(บ.พีพีเอ็ม เเมนเนจเมนท์ (PPMบริหาร))
204,(บ.พีพีเอ็ม เเมนเนจเมนท์)
205,(บ.ยูไลฟ์ คอร์ปอเรชั่น (Ulift)
206,(บ.ยูไลฟ์ พร็อพเพอร์ตี้ แมเนจเม้นท์ (Ulift Property Management)
207,(บ.ยูนิตี้ กรุ๊ป ( บ.ยูนิตี้ แมเนจเม้นท์ แอนด์ ฟาซิลิตี้ เซอร์วิส )(Unity)
208,(บ.ยูนิตี้ กรุ๊ป (Unity)(บริหาร)
209,(บ.ยูนิตี้ กรุ๊ป (Unity)(บริหาร))
210,(บ.ยูนิตี้ กรุ๊ป (Unity)(บริหาร))>>
211,(บ.ยูนิตี้ กรุ๊ป (Unity)(บริหาร)>>
212,(บ.ยูนิตี้ กรุ๊ป(Unity))
213,(บ.รักษาความปลอดภัย ซีบีเอ็ม แฟซิลิตี้ส์ แมนเนจเม้นท์ (CBM)
214,(บ.รัศมิ์ลภัส)
215,(บ.ริช พร็อพเพอร์ตี้ แมเนจเม้นท์ ( Rich Property )
216,(บ.ริช พร็อพเพอร์ตี้ แมเนจเม้นท์ )
217,(บ.ลีฟ อัลติเมท แวลูส์ )
218,(บ.ลีฟ อัลติเมท แวลูส์)
219,(บ.ลีฟ อัลติเมท)
220,(บ.วัน พร็อพเพอร์ตี้ (One Property)
221,(บ.วัน พร็อพเพอร์ตี้ แมเนจเม้นท์ (One Propery)
222,(บ.วาย แอล พี (YLP)(บริหาร)
223,(บ.วาย แอล พี (YLP)(บริหาร))
224,(บ.วิลล์คอน เมเนจเม็นท์ (Villecon )
225,(บ.วิลล์คอน เมเนจเม็นท์ (Villecon)
226,(บ.วิลล์คอน เมเนจเม็นท์ (Villecon)(บริหาร))
227,(บ.วิลล์คอน เมเนจเม็นท์ Villcon))
228,(บ.วิลล์คอน เมเนจเม็นท์(Villecon)
229,(บ.วิลล์คอน เมเนจเม็นท์(Villecon)(บริหาร)
230,(บ.วี เค โปร (VK Pro )
231,(บ.วี.วี.พร๊อพเพอร์ตี้ กรุ๊ป (VV Property ))
232,(บ.วี.วี.พร๊อพเพอร์ตี้ กรุ๊ป (VV Property )บ.มี แมเนจเม้นท์ แอนด์ เซอร์วิส )
233,(บ.วีไอพี คอนโดมิเนียม (VIP Condominium)(บริหาร)
234,(บ.วีไอพี สมาร์ท ( VIP Smart )
235,(บ.วีไอพี สมาร์ท)
236,(บ.สมาร์ท เซอร์วิส แอนด์ แมเนจเม้นท์ (Smart Service)บริหาร))
237,(บ.อาร์เอสจี แบง พร็อพเพอร์ตี้ แมเนจเม้นท์ (RSG)
238,(บ.อาร์เอสจี แบง พร็อพเพอร์ตี้ แมเนจเม้นท์ (RSG)(บริหาร)
239,(บ.อาร์เอสจี แบง พร็อพเพอร์ตี้ แมเนจเม้นท์ (RSG)(บริหาร)>>
240,(บ.อาร์เอสจี แบง พร็อพเพอร์ตี้ แมเนจเม้นท์ RSG(บริหาร))
241,(บ.อาร์เอสจี แบง พร็อพเพอร์ตี้ แมเนจเม้นท์(RSG)
242,(บ.อารียา แมนเนจเม้นต์)(บริหาร)
243,(บริษัท เพาเวอร์ พลัส โฟลว์ แมนเนจเมนท์)(บริหาร)
244,(บริษัท โปรแอ๊คทีฟ จำกัด)(บริหาร))
245,(บริษัท ดุสิต ฮอสปิตัลลิตี้ เซอร์วิสเซส ( Dusit)(บริหาร))
246,(บริษัท ดุสิต ฮอสปิตัลลิตี้ เซอร์วิสเซส (Dusit Hospitality Services)(บริหาร))
247,(บริษัท ทีซี พร็อพเพอร์ตี้ จำกัด(TC Property)
248,(บัณฑิตทาวน์)
249,(พรอพเพอร์ตี้ โปร บิวดิ้ง แมเนจเม้นท์)
250,(ยูนิตี้ กรุ๊ป(Unity)
251,(ยูนิตี้)
252,(ยูนิตี้)(Unity)
253,(ลีฟ อัลติเมท แวลูส์(Live Ultimate Values)
254,(ลูกค้าแจ้งรับเช็คแล้ว)
255,(ลูกค้านัดรับเช็คแล้ว)
256,(ลูกค้าฝากเช็คให้แล้ว)
257,(ลูกค้ายังไม่ส่ง Pay-In มา**ยังไม่ได้ออกใบเสร็จ)
258,(วี-ไวส์ ลีฟวิ่ง)
259,(ส.วัฒนา)
260,(ส่งใบเสนอราคาไปแล้ว ไม่มีการตอบกลับ หมด 09/2564)
261,(ส่งใบเสนอราคาไปแล้ว ไม่มีการตอบกลับ หมด02/2565)>>
262,(สินธรณี พร็อพเพอร์ตี้)
263,(อัลติจูด ดีเวลลอปเม้นท์ (Altitude Development)
264,<(Villecon วิลล์คอน)>
265,<(บ.เซ็นจูรี่ ทเวนตี้วัน พร็อพเพอร์ตี้ เอมส์(บริหาร))>
266,<(บ.เดอะไนน์ พร๊อพเพอร์ตี้ แมเนจเมนท์ (The Nine)(บริหาร)>>
267,<(บ.โพแมค ควอลิตี้ แมนเนจเม้นท์ ( Pomac )>
268,<(บ.พร็อพเพอร์ตี้ แมเนจเม้นท์ คอนโทรล( PMC)(บริหาร)>>
269,<(บ.พลัส พร็อพเพอร์(บริหาร))>
270,<(บ.พีพีเอ็ม เเมนเนจเมนท์ (PPM) (บริหาร))>
271,<(บ.วิฟ เมเนจเม้นท์ (บริหาร))>>
272,<(บ.สมาร์ท เซอร์วิส แอนด์ แมเนจเม้นท์ (Smart Service) (บริหาร))>
273,<<( Raimon Land Twenty Six)>>
274,<<( บ.กู๊ด แอสเซท แมเเนจเม้นท์ )>>
275,<<( บ.ทีดับบลิว ฟาซิลิตี้ เซอร์วิส (บริหาร)>>
276,<<( บ.บางกอก ฟาซิลิตี้ เมเนจเม้นท์ แอนด์ เซอร์วิส)>>
277,<<( บ.พี เอ ลินน์ ฟิลลิปส์ (PA Linn) (บริหาร)>>
278,<<((บ.ทัฟฟ์ เซอร์วิส (Tuff Servic )(CRM) (บริหาร)>>
279,<<((บ.ทัฟฟ์ เซอร์วิส (Tuff Servic )(CRM)(บริหาร))>>
280,<<((บ.ลีฟ อัลติเมท แวลูส์(บริหาร))>>
281,<<((บ.อาร์เอสจี แบง พร็อพเพอร์ตี้ แมเนจเม้นท์ (RSG)(บริหาร))>>
282,<<(Acute (เอซีอาร์ แมเนจเม้นท์)บริหาร))>>
283,<<(BM Group (บริหาร)>>
284,<<(Grand Asset Prosperity)>>
285,<<(HM 91)บริหาร))>>
286,<<(Major Property)>>
287,<<(Raimon Land Sathorn (ไรมอนด์ แลนด์))(บริหาร))>>
288,<<(Raimon Land Twenty Six Company Limited.))>>
289,<<(เมกะ พร็อพเพอร์ตี้ แมเนจเม้นท์ แอนด์ คอนซัลแทนซี่ )(Mega)
290,<<(เมกะ พร็อพเพอร์ตี้ แมเนจเม้นท์ แอนด์ คอนซัลแทนซี่ )(Mega)>>
291,<<(เมกะ พร็อพเพอร์ตี้ แมเนจเม้นท์ แอนด์ คอนซัลแทนซี่) >>
292,<<(เมกะ พร็อพเพอร์ตี้ แมเนจเม้นท์ แอนด์ คอนซัลแทนซี่)>>
293,<<(เรียลพร็อพเพอร์ตี้ (RPM )(บริหาร)))>>>
294,<<(เรียลพร็อพเพอร์ตี้ (RPM )(บริหาร))>>
295,<<(เวอร์ติพลัส 98 (Vertiplus 98)บริหาร )>>
296,<<(เอซีอาร์ แมเนจเม้นท์ ( Acute )(บริหาร))>>
297,<<(เอซีอาร์ แมเนจเม้นท์ ( Acute ))>>
298,<<(เอซีอาร์ แมเนจเม้นท์ ( Acute )>>
299,<<(เอซีอาร์ แมเนจเม้นท์ ( Acute )บริหาร))>>
300,<<(เอซีอาร์ แมเนจเม้นท์ (Acute)(ACRM) บริหาร))>>
301,<<(ไนท์แฟรงค์( Knight Frank)>>
302,<<(จัดการทรัพย์สินและชุมชน(CEMCO))>>
303,<<(จี วัน แลนด์ (G/1 Land))>>
304,<<(ทรู พร็อพเพอร์ตี้ เซอร์วิส True Property))>>
305,<<(ทรู พร็อพเพอร์ตี้ เซอร์วิส True Property)>>
306,<<(นีโอ คลับ)>>
307,<<(บ เมกะ พร็อพเพอร์ตี้ แมเนจเม้นท์)>>
308,<<(บ เอ็ม แอนด์ เฟรนด์ จำกัด>>
309,<<(บ. เกรท พร๊อพเพอร์ตี้ แมเนจเม้นท์)>>
310,<<(บ. เจ.พลัส พร็อพเพอร์ตี้ แมเนจเม้นท์ (บริหาร)))>>
311,<<(บ. เจ.พลัส พร็อพเพอร์ตี้ แมเนจเม้นท์ )>>
312,<<(บ. เบล็ส เซอร์วิส พลัส (BLESS SERVICE PLUS) บริหาร)) >>
313,<<(บ. เฟิร์ส แปซิฟิค ฮาริสัน (First Pacific)>>
314,<<(บ. เฟิร์ส แปซิฟิค ฮาริสัน) (บริหาร)>>
315,<<(บ. เฟิสท์ พร็อพเพอร์ตี้ แมเนจเม้นท์ แอนด์ แอคเคาท์ติ้ง)>>
316,<<(บ. เรียล พร็อพเพอร์ตี้ แมเนจเม้นท์(บริหาร)) >>
317,<<(บ. เรียลเอสเตท พร็อพเพอร์ตี้ แมเนจเม้นท์ จำกัด(บริหาร)) >>
318,<<(บ. เวอร์ติภัทร กรุ๊ป )(บริหาร))>>
319,<<(บ. เอ.ซี พร็อพเพอร์ตี้ กรุ๊ป (AC Property Group)(บริหาร))>>
320,<<(บ. เอ.ซี. พร็อพเพอร์ตี้ กรุ๊ป) (A.C. Property Group )(บริหาร))>>
321,<<(บ. เอ.ซี. พร็อพเพอร์ตี้ กรุ๊ป)บริหาร))>>
322,<<(บ. เอ.ซี.พร็อพเพอร์ตี้ กรุ๊ป (A.C.PROPERTY GROUP ) บริหาร)>>
323,<<(บ. เอ็น.บี.แมเนจเม้นท์ (N.B.MANAGEMENT))(บริหาร)>>
324,<<(บ. เอ็มที พร๊อพเพอร์ตี้ แมนเนจเม้นท์)(บริหาร)>>
325,<<(บ. เอสเอ็มซี พร็อพเพอร์ตี้ ซอฟต์ (SMC)))>>
326,<<(บ. เอสเอ็มซี พร็อพเพอร์ตี้ ซอฟต์ (SMC))>>
327,<<(บ. เอสเอ็มซี พร็อพเพอร์ตี้ ซอฟต์ )บริหาร))>>
328,<<(บ. แม็กซ์เซอร์วิส แอนด์ แมเนจเม้นท์)(บริหาร))>>
329,<<(บ. แฮปปี้ โฮม แมเนจเม้นท์ )(บริหาร)>>
330,<<(บ. แฮมิลตัน ฮอสพิทอลลิตี้(บริหาร)>>
331,<<(บ. โรส แมเนจเม้นท์ (บริหาร)) >>
332,<<(บ. โฮม พร็อพเพอร์ตี้ คอนซัลติ้ง)บริหาร))>>
333,<<(บ. ไอ อาร์ เอ็ม เอ็กซ์ตร้า(IRM-Extra)(บริหาร)>>
334,<<(บ. ไอ อาร์ เอ็ม เอ็กซ์ตร้า(IRM-Extra)>>
335,<<(บ. ดิ เอ็มไพร์ ไดนัสตี้ (The Empire Dynasty )>>
336,<<(บ. ต้นแสง แมเนจเม้นท์ (บริหาร))>>
337,<<(บ. ทรีโอเนส อินดัสเทรียล ( Tirones Industrial) >>
338,<<(บ. บีบีเอส.แมเนจเม้นท์(บริหาร) >>
339,<<(บ. พร็อพเพอร์ตี้ แมเนจเม้นท์ คอนโทรล (PMC))>>
340,<<(บ. พรีโม่พลัส )(บริหาร))>>
341,<<(บ. พี.พลัส พร็อพเพอร์ตี้ แมเนจเม้นท์ (P-Plus)>>
342,<<(บ. พี.พลัส พร็อพเพอร์ตี้ แมเนจเม้นท์ (P-Plus)บริหาร)>>
343,<<(บ. พีเคพี แมนเนจเมนท์ (PKP Management) (บริหาร)>>
344,<<(บ. มิราเคิล พร็อพเพอร์ตี้ แมเนจเม้นท์ (Miracle Property))>>
345,<<(บ. วี เค โปร (VK Pro)>>
346,<<(บ. วี คอนซัลแทนท์ แอนด์ เมเนจเม้นต์) ((V Consultant and Management)(บัณฑิตทาวน์)>>
347,<<(บ. วี คอนซัลแทนท์ แอนด์ เมเนจเม้นต์) ((V Consultant and Management)>>
348,<<(บ. สีวลี ไลฟ์ พร๊อพเพอร์ตี้แมเนจเม้นท์ )>>
349,<<(บ.Building Desing 2549)>>
350,<<(บ.เกรท พร๊อพเพอร์ตี้ แมเนจเม้นท์ )>>
351,<<(บ.เกรท พร็อพเพอร์ตี้ แมเนจเม้นท์)>>
352,<<(บ.เกรทเทอร์ โปรเฟสชั่นแนล แมเนจเมนท์ )บริษัท ซี.เอ็ม.เอสเตท จำกัด (บริหาร))>>
353,<<(บ.เกรทเทอร์ โปรเฟสชั่นแนล แมเนจเมนท์ )บริหาร))>>
354,<<(บ.เคเอสอี เรียลตี้ แมนเนจเมนท์ (KSE Realty )บริหาร))>>
355,<<(บ.เคเอสอี เรียลตี้ แมนเนจเมนท์ (KSE Realty)>>
356,<<(บ.เคที แมเนจเม้นท์ (KT Management )>>
357,<<(บ.เคที แมเนจเม้นท์ )>>
358,<<(บ.เคที แมเนจเม้นท์(KT Management ))>>
359,<<(บ.เคพีเอ็น กรุ๊ป คอร์ปอเรชั่น( KPN Group) <<(บ.เฟิร์ส แปซิฟิค ฮาริสัน (First Pacific)บริหาร))>>
360,<<(บ.เคอร์เทซี เซอร์วิสเซส คอร์ปอเรชั่น )>>
361,<<(บ.เคอร์เทซี เซอร์วิสเซส คอร์ปอเรชั่น)>>
362,<<(บ.เจ ไลน์ แมเนจเม้นท์ (J Line Management ) (บริหาร))>>
363,<<(บ.เจ ไลน์ แมเนจเม้นท์ (J Line Management )(บริหาร)>>
364,<<(บ.เจ ไลน์ แมเนจเม้นท์ (J Line Management )บริหาร))>>
365,<<(บ.เจ พลัส พร็อพเพอร์ตี้ เมเนจเม้นท์ ( J Plus ) >>
366,<<(บ.เจ พลัส พร็อพเพอร์ตี้ เมเนจเม้นท์ (J Plus)(บริหาร))>>
367,<<(บ.เจ พลัส พร็อพเพอร์ตี้ เมเนจเม้นท์ (J Plus)>>
368,<<(บ.เจ พลัส พร็อพเพอร์ตี้ เมเนจเม้นท์)>>
369,<<(บ.เจเอเอส แอสเซ็ท ( JAS Asset )>>
370,<<(บ.เจไอพีเอ็ม (เจนัส อินเตอร์เนชั่นแนล พรอพเพอร์ตี้ แมเนจเม้นท์) (JIPM_Janus) บริหาร))>>
371,<<(บ.เจไอพีเอ็ม (เจนัส อินเตอร์เนชั่นแนล พรอพเพอร์ตี้ แมเนจเม้นท์) (JIPM_Janus)>>
372,<<(บ.เซ็น เอกซ์ พร็อพเพอร์ตี้ แมเนจเม้นท์ (SEN X PROPERTY MANAGEMENT)(บริหาร))>>
373,<<(บ.เซ็นจูรี่ ทเวนตี้วัน พร็อพเพอร์ตี้ เอมส์ บริหาร))>>
374,<<(บ.เซ็นจูรี่ ทเวนตี้วัน พร็อพเพอร์ตี้ เอมส์(บ.บริหาร)>>
375,<<(บ.เซ็นจูรี่ ทเวนตี้วัน พร็อพเพอร์ตี้ เอมส์(บริหาร))>>
376,<<(บ.เซ็นจูรี่ ทเวนตี้วัน พร็อพเพอร์ตี้ เอมส์(บริหาร)>>
377,<<(บ.เดอะ เบสท์ เซอร์วิส แอนด์ เมเนจเม้นท์)(บริหาร)>>
378,<<(บ.เดอะ ทรอปิคอล แอสเซท (The Tropical Asset)>>
379,<<(บ.เดอะ ลีฟ พร็อพเพอร์ตี้ แมเนจเม้นท์ (บ.บริหาร)>>
380,<<(บ.เดอะ วัน แมเนจเม้นท์ ( The One Management ))>>
381,<<(บ.เดอะ วัน แมเนจเม้นท์ ( The One Management )>>
382,<<(บ.เดอะไนน์ พร๊อพเพอร์ตี้ แมเนจเมนท์ (The Nine))>>
383,<<(บ.เดอะไนน์ พร๊อพเพอร์ตี้ แมเนจเมนท์ (The Nine)>>
384,<<(บ.เดอะไนน์ พร๊อพเพอร์ตี้ แมเนจเมนท์ (The Nine)บริหาร))>>
385,<<(บ.เดอะไนน์ พร๊อพเพอร์ตี้ แมเนจเมนท์(The Nine Property)(บริหาร)) >>
386,<<(บ.เดอะไนน์ พร๊อพเพอร์ตี้ แมเนจเมนท์(The Nine Property)(บริหาร))>>
387,<<(บ.เดอะไนน์ พร๊อพเพอร์ตี้ แมเนจเมนท์(The Nine Property)(บริหาร)>>
388,<<(บ.เดอะไนน์ พร๊อพเพอร์ตี้ แมเนจเมนท์(The Nine Property)>>
389,<<(บ.เดอะไนน์ พร๊อพเพอร์ตี้ แมเนจเมนท์(The Nine Property)บริหาร))>>
390,<<(บ.เดอะไนน์ พร๊อพเพอร์ตี้ แมเนจเมนท์)>>
391,<<(บ.เดอะวันแมเนจเม้นท์ )>>
392,<<(บ.เดอะสมาร์ท กรุ๊ป (The Smart Group)(บริหาร))>>
393,<<(บ.เดอะสมาร์ท กรุ๊ป) (The Smart Group)(บริหาร)>>
394,<<(บ.เดอะสมาร์ท กรุ๊ป) (The Smart Group))>>
395,<<(บ.เดอะสมาร์ท กรุ๊ป))>>
396,<<(บ.เดอะสมาร์ท กรุ๊ป)>>
397,<<(บ.เบเน่ เบเน่ (Bene Bene)>>
398,<<(บ.เบล็ส เซอร์วิส พลัส(บริหาร)>>
399,<<(บ.เพกาซัส อินเตอร์เนชันแนล)( บริหาร)>>
400,<<(บ.เพกาซัส อินเตอร์เนชันแนล)>>
401,<<(บ.เพอร์เฟค เพรสทิจ พร็อพเพอร์ตี้(**แต่ลูกค้าแจ้งว่า คณิต แมนเนจเม้นท์ บริหาร)>>
402,<<(บ.เพอร์เฟค พร็อพเพอร์ตี้ แอนด์ แอคเค้าท์ติ้ง(บริหาร))>>
403,<<(บ.เพอร์เฟค พร็อพเพอร์ตี้ แอนด์ แอคเค้าท์ติ้ง)บริหาร))>>
404,<<(บ.เฟิร์ส แปซิฟิค แมเนจเม้นท์ (First Pacific Management)(บริหาร))>>
405,<<(บ.เฟิร์ส แปซิฟิค ฮาริสัน (First Pacific)(บริหาร))>>
406,<<(บ.เฟิร์ส แปซิฟิค ฮาริสัน (First Pacific)(บริหาร)>>
407,<<(บ.เฟิร์ส แปซิฟิค ฮาริสัน (First Pacific)>>
408,<<(บ.เฟิร์ส แปซิฟิค ฮาริสัน (First Pacific)บริหาร))>>
409,<<(บ.เฟิร์ส แปซิฟิค ฮาริสัน)>>
410,<<(บ.เมเจอร์ พร็อพเพอร์ตี้ เซอร์วิส (Major Property Service) )>>
411,<<(บ.เมเจอร์ พร็อพเพอร์ตี้ เซอร์วิส (Major Property Service) >>
412,<<(บ.เมเจอร์ พร็อพเพอร์ตี้ เซอร์วิส (Major Property Service) บริหาร)) >>
413,<<(บ.เมเจอร์ พร็อพเพอร์ตี้ เซอร์วิส (Major Property Service)(บริหาร))>>
414,<<(บ.เมเจอร์ พร็อพเพอร์ตี้ เซอร์วิส (Major Property Service)(บริหาร)>>
415,<<(บ.เมเจอร์ พร็อพเพอร์ตี้ เซอร์วิส (Major Property Service))>>
416,<<(บ.เมเจอร์ พร็อพเพอร์ตี้ เซอร์วิส (Major Property Service)บริหาร) >>
417,<<(บ.เมโทร พรอพเพอร์ตี้ แมเนจเม้นท์ ((Metro))>>
418,<<(บ.เมโทร พรอพเพอร์ตี้ แมเนจเม้นท์ (Metro)(บริหาร)
419,<<(บ.เมโทร พรอพเพอร์ตี้ แมเนจเม้นท์ (Metro)(บริหาร))
420,<<(บ.เมกะ พร็อพเพอร์ตี้ แมเนจเม้นท์ แอนด์ คอนซัลแทนซี่ (Mage)>>
421,<<(บ.เมกะ พร็อพเพอร์ตี้ แมเนจเม้นท์ แอนด์ คอนซัลแทนซี่ )(บริหาร)>>
422,<<(บ.เมกะ พร็อพเพอร์ตี้ แมเนจเม้นท์ แอนด์ คอนซัลแทนซี่ )>>
423,<<(บ.เมกะ พร็อพเพอร์ตี้ แมเนจเม้นท์ แอนด์ คอนซัลแทนซี่)(บริหาร)>>
424,<<(บ.เมกะ พร็อพเพอร์ตี้ แมเนจเม้นท์ แอนด์ คอนซัลแทนซี่)>>
425,<<(บ.เมกะ พลัส พร็อพเพอร์ตี้ แมเนจเม้นท์ )>>
426,<<(บ.เมืองทอง เซอร์วิสเซส แอนด์ แมเน็จเม้นท์(MSM)(MuangThong Services & Management))(บริหาร)>>
427,<<(บ.เรียล พร็อพเพอร์ตี้ แมเนจเม้นท์(บริหาร)) >>
428,<<(บ.เรียลแมนเนจเม้นท์ 2552 ( Real Management 2552 ) >>
429,<<(บ.เรียลแมนเนจเม้นท์ 2552 ( Real Management 2552 ) ส่ง Format Excel มา ส่งต่อให้ทุกคนแล้ว (ด่วน) ลูกค้าใหม่)
430,<<(บ.เรียลแมนเนจเม้นท์ 2552 ( Real Management 2552 )>>
431,<<(บ.เรียลแมนเนจเม้นท์ 2552 ( Real Management 2552 )บริหาร))>>
432,<<(บ.เรียลพร็อพเพอร์ตี้แมเนจเม้นท์ (RPM)>>
433,<<(บ.เรียลพร็อพเพอร์ตี้แมเนจเม้นท์( RPM)(บริหาร))>>
434,<<(บ.เรียลพร็อพเพอร์ตี้แมเนจเม้นท์( RPM)(บริหาร)>>
435,<<(บ.เรียลพร็อพเพอร์ตี้แมเนจเม้นท์( RPM)>>
436,<<(บ.เวอร์ติคอล (Vertical)(บริหาร))>>
437,<<(บ.เวอร์ติคอล (Vertical)(บริหาร)>>
438,<<(บ.เวอร์ติคอล (Vertical)>>
439,<<(บ.เวอร์ติคอล (Vertical)>>>
440,<<(บ.เวอร์ติคอล (Vertical)บริหาร))>>
441,<<(บ.เวอร์ติภัทร กรุ๊ป (Vertiplus (บริหาร )>>
442,<<(บ.เวอร์ติภัทร กรุ๊ป (Vertiplus) (บริหาร )>>
443,<<(บ.เวอร์ติภัทร กรุ๊ป (บริหาร))>>
444,<<(บ.เวอร์ติภัทร กรุ๊ป(บริหาร)>>
445,<<(บ.เวิร์ค ฟอร์เวิร์ด แมเนจเม้น)>>
446,<<(บ.เวิร์คริช แมนเนจเม้นท์(บริหาร)>>
447,<<(บ.เศรษฐธนาแลนด์)>>
448,<<(บ.เอ แอล ที แอคเค้าท์ (บริหาร))>>
449,<<(บ.เอ.ซี. พร็อพเพอร์ตี้ กรุ๊ป(AC Property Group))>>
450,<<(บ.เอ.ซี.พร็อพเพอร์ตี้ กรุ๊ป (บริหาร))>>
451,<<(บ.เอคควิตี้ พร็อพเพอร์ตี้ (Equity Property) (บริหาร))>>
452,<<(บ.เอคควิตี้ พร็อพเพอร์ตี้ (Equity Property)(บริหาร))>>
453,<<(บ.เอคควิตี้ พร็อพเพอร์ตี้ แมเนจเม้นท์ (Equity)(บริหาร))>>
454,<<(บ.เอคควิตี้ พร็อพเพอร์ตี้ แมเนจเม้นท์ (Equity)>>
455,<<(บ.เอคิว พร๊อพเพอร์ตี้ แมเนจเม้นท์ (IQ)>>
456,<<(บ.เอคิว พร๊อพเพอร์ตี้ แมเนจเม้นท์ (IQ)บริหาร))>>
457,<<(บ.เอช แอนด์ ซี พร็อพเพอร์ตี้ แมเนจเม้นท์)บริหาร))>>
458,<<(บ.เอซีอาร์ แมเนจเม้นท์ ( Acute )>>
459,<<(บ.เอซีอาร์ แมเนจเม้นท์ ( Acute)(บริหาร)>>
460,<<(บ.เอซีอาร์ แมเนจเม้นท์ (ACR-Management (Acute)(บริหาร)>>
461,<<(บ.เอซีอาร์ แมเนจเม้นท์ (Acute)(บริหาร)>>
462,<<(บ.เอซีอาร์ แมเนจเม้นท์ (Acute)>>
463,<<(บ.เอซีอาร์ แมเนจเม้นท์(Acute ))บริหาร)>>
464,<<(บ.เอ็นทรัส พร๊อพเพอร์ตี้ (Entrust Property )>>
465,<<(บ.เอ็นพี ซิสเท็มเซอร์วิส (บริหาร)>>
466,<<(บ.เอฟ พรอพเพอร์ตี้ แมเนจเม้นท์ (F Property )>>
467,<<(บ.เอฟ พรอพเพอร์ตี้ แมเนจเม้นท์ (F Property) (บริหาร))>>
468,<<(บ.เอฟ พรอพเพอร์ตี้ แมเนจเม้นท์ (F Property) >>
469,<<(บ.เอฟ พรอพเพอร์ตี้ แมเนจเม้นท์ (F Property) บริหาร))>>
470,<<(บ.เอฟ พรอพเพอร์ตี้ แมเนจเม้นท์ (F Property)(บริหาร) >>
471,<<(บ.เอฟ พรอพเพอร์ตี้ แมเนจเม้นท์ (F Property)(บริหาร)) >>
472,<<(บ.เอฟ พรอพเพอร์ตี้ แมเนจเม้นท์ (F Property)(บริหาร)>>
473,<<(บ.เอฟ พรอพเพอร์ตี้ แมเนจเม้นท์ (F Property)>>
474,<<(บ.เอฟ พรอพเพอร์ตี้ แมเนจเม้นท์ (F Property)บริหาร)) >>
475,<<(บ.เอฟ พรอพเพอร์ตี้ แมเนจเม้นท์ (F Property)บริหาร)>>
476,<<(บ.เอฟ พร็อพเพอร์ตี้ แมเนจเม้นท์ (บริหาร)>>
477,<<(บ.เอ็ม แมเนจเม้นท์ (M Management)(บริหาร))>>
478,<<(บ.เอ็ม แมเนจเม้นท์ (M Management)(บริหาร)>>
479,<<(บ.เอ็ม แมเนจเม้นท์ (M Management))>>
480,<<(บ.เอ็มคิวดีซี เคอร์เทซี เซอร์วิส คอร์ปอเรชั่น )(MQDC)>>
481,<<(บ.เอ็มคิวดีซี เคอร์เทซี เซอร์วิส คอร์ปอเรชั่น )(QMDC)>>
482,<<(บ.เอ็มคิวดีซี เคอร์เทซี เซอร์วิส คอร์ปอเรชั่น) (MQDC Courtesy)>>
483,<<(บ.เอ็มดีเอ็ม แมเนจเม้นท์ กรุ๊ป (ADM )>>
484,<<(บ.เอ็มดีเอ็ม แมเนจเม้นท์ กรุ๊ป (MDM )>>
485,<<(บ.เอ็มดีเอ็ม แมเนจเม้นท์ กรุ๊ป (MDM )บริหาร))>>
486,<<(บ.เอ็มดีเอ็ม แมเนจเม้นท์ กรุ๊ป (MDM) )บริหาร))>>
487,<<(บ.เอ็มดีเอ็ม แมเนจเม้นท์ กรุ๊ป (MDM)(บริหาร)>>
488,<<(บ.เอ็มดีเอ็ม แมเนจเม้นท์ กรุ๊ป (MDM)>>
489,<<(บ.เอ็มดีเอ็ม แมเนจเม้นท์ กรุ๊ป (MDM)บริหาร))>>
490,<<(บ.เอ็มที พร๊อพเพอร์ตี้ แมนเนจเม้นท์(บริหาร))>>
491,<<(บ.เอส เอช วี หัวหิน )(SHV) >>
492,<<(บ.เอสเอ็มซี พร็อพเพอร์ตี้ ซอฟต์ (SMC)(บริหาร) >>
493,<<(บ.เอสเอ็มซี พร็อพเพอร์ตี้ ซอฟต์ (SMC)(บริหาร))>>
494,<<(บ.เอสเอ็มซี พร็อพเพอร์ตี้ ซอฟต์ (SMC)(บริหาร)>>
495,<<(บ.เอสเอ็มซี พร็อพเพอร์ตี้ ซอฟต์ (SMC))>>
496,<<(บ.เอสเอ็มซี พร็อพเพอร์ตี้ ซอฟต์ (SMC)>>
497,<<(บ.เอสเอ็มซี พร็อพเพอร์ตี้ ซอฟต์ (SMC)บริหาร)>>
498,<<(บ.เอสซี เอเบิล (SC ABLE)บริหาร) >>
499,<<(บ.เอสทีเอ็มเอส (STMS)(บริหาร)>>
500,<<(บ.เอสทีเอ็มเอส (STMS)บริหาร)>>
501,<<(บ.เอสทีเอ็มเอส พร็อพเพอร์ตี้ แมเนจเม้นท์ (บริหาร)>>
502,<<(บ.แกรนด์ เวิร์ค พลัส แอสเสท )>>
503,<<(บ.แกรนด์ เวิร์ค พลัส แอสเสท)>>
504,<<(บ.แกรนด์ เวิร์ค พลัส แอสเสท)บริหาร))>>
505,<<(บ.แกรนด์ แอสเซท พรอสเพอริตี้ (Grand Asset Prosperity)>>
506,<<(บ.แกรนด์ แอสเซท พรอสเพอริตี้)(Grand Asset Prosperity)>>
507,<<(บ.แกรนด์ พี พรอพเพอร์ตี้ )(Grand P Property )>>
508,<<(บ.แกรนด์ พี พรอพเพอร์ตี้)>>
509,<<(บ.แอมพลัส อินเตอร์เนชั่นแนล จำกัด )>>
510,<<(บ.โปร-เซอร์วิส แมเนจเม้นท์ (บริหาร))>>
511,<<(บ.โมเดอร์น พร็อพเพอร์ตี้ แมเนจเมนท์ (Modern Property ))>>
512,<<(บ.โมเดอร์น พร็อพเพอร์ตี้ แมเนจเมนท์ (Modern Property)บริหาร)>>
513,<<(บ.โอเพ่น เทคโนโลยี่ (Open technology))>>
514,<<(บ.โอเพ่น เทคโนโลยี่ (Open technology)>>
515,<<(บ.โฮมแอด)บริหาร))>>
516,<<(บ.ไดมอนด์ พร็อพเพอร์ตี้ แมเนจเม้นท์ )>>
517,<<(บ.ไดมอนด์ พร็อพเพอร์ตี้ แมเนจเม้นท์)(บริหาร))>>
518,<<(บ.ไดมอนด์ พร็อพเพอร์ตี้ แมเนจเม้นท์)>>
519,<<(บ.ไดมอนด์ พร็อพเพอร์ตี้ แมเนจเม้นท์)บริหาร))>>
520,<<(บ.ไทย แอซเซ็ท พร็อพเพอร์ตี้ แอนด์ เจ.พี (Thai Asset Property)>>
521,<<(บ.ไทย แอซเซ็ท พร็อพเพอร์ตี้ แอนด์ เจ.พี )
522,<<(บ.ไทย แอซเซ็ท พร็อพเพอร์ตี้ แอนด์ เจ.พี )(Thai Asset Property And J.P.)(บริหาร))>>
523,<<(บ.ไทย แอซเซ็ท พร็อพเพอร์ตี้ แอนด์ เจ.พี )(Thai Asset Property And J.P.)>>
524,<<(บ.ไทย แอซเซ็ท พร็อพเพอร์ตี้ แอนด์ เจ.พี )>>
525,<<(บ.ไทย แอซเซ็ท พร็อพเพอร์ตี้ แอนด์ เจ.พี)(บริหาร)>>
526,<<(บ.ไทย แอสเสท กรุ๊ป)>>
527,<<(บ.ไทย แอสเสท กรุ๊ป)>>>
528,<<(บ.ไทยสตาร์แลนด์ )>>
529,<<(บ.ไทยสตาร์แลนด์)>>
530,<<(บ.ไนท์แฟรงค์ ชาร์เตอร์ (Knight Frank) ( บริหาร))>>
531,<<(บ.ไนท์แฟรงค์ ชาร์เตอร์ (Knight Frank) (บริหาร)>>
532,<<(บ.ไนท์แฟรงค์ ชาร์เตอร์ (Knight Frank) )(บริหาร))>>
533,<<(บ.ไนท์แฟรงค์ ชาร์เตอร์ (Knight Frank)>>
534,<<(บ.ไนท์แฟรงค์( Knight Frank)>>
535,<<(บ.ไนน์ เชนจ์ พร็อพเพอร์ตี้ เวิลด์ ) (บริหาร))>>
536,<<(บ.ไบรท์ ดีเวลลอปเมนท์ กรุงเทพ)>>
537,<<(บ.ไบร์ท พร็อพเพอร์ตี้ เซอร์วิสเซส )>>
538,<<(บ.ไพร์ม เอสเตท แมเนจเม้นท์ (บริหาร))>>
539,<<(บ.ไพรม์ พร็อพเพอร์ตี้ กรุ๊ป ( Prime Property Group )(ปราจีน))>>
540,<<(บ.ไพรม์ พร็อพเพอร์ตี้ กรุ๊ป (Prime Property Group) >>
541,<<(บ.ไพรม์ พร็อพเพอร์ตี้ กรุ๊ป (Prime Property Group)(บริหาร))>>
542,<<(บ.ไพรม์ พร็อพเพอร์ตี้ กรุ๊ป (Prime Property Group)>>
543,<<(บ.ไพร์ม พร็อพเพอร์ตี้ กรุ๊ป (Prime Property Group)บริหาร))>>
544,<<(บ.ไอ อาร์ เอ็ม เอ็กซ์ตร้า (IRM -Extra)(บริหาร))>>
545,<<(บ.ไอ อาร์ เอ็ม เอ็กซ์ตร้า (IRM-Extra)บริหาร))>>
546,<<(บ.ไอเอฟเอส ฟาซิลิตี้ เซอร์วิสเซส (IFS) บ.ไอเอสเอส ฟาซิลิตี้ เซอร์วิส(ISS) )>>
547,<<(บ.ไอเอสโอ เรียลเอสเตท(บริหาร))>>
548,<<(บ.ไอสไตล์ พร็อพเพอร์ตี้( I Style)บ.ไอคิว แมเนจเม้นท์ (IQ)>>
549,<<(บ.ไอสไตล์ พร็อพเพอร์ตี้( I Style)บ.ไอคิว แมเนจเม้นท์ (IQ)>>>
550,<<(บ.ไฮ แอสเสท เมเนจเม้นท์( บริหาร)>>
551,<<(บ.ไฮ แอสเสท เมเนจเม้นท์(บริหาร) >>
552,<<(บ.ไฮ แอสเสท แมเนจเม้นท์ (High Asset Management )(บริหาร))>>
553,<<(บ.ไฮ แอสเสท แมเนจเม้นท์ (High Asset)(บริหาร))>>
554,<<(บ.ไฮพร๊อพเพอร์ตี้ เมเนจเม้นท์)>>
555,<<(บ.กรุงเทพ แอสเซ็ท แอนด์ คอนซัลแทนท์ ( Bangkok Asset and Consultant )>>
556,<<(บ.กรุงเทพ แอสเซ็ท แอนด์ คอนซัลแทนท์ (Bangkok Asset and Consultant))>>
557,<<(บ.กรุงเทพไดอ์แคสซ์ติ้ง แอนด์อินแจ๊กชั่น (Bangkok Diecasting And Injection )(บริหาร)>>
558,<<(บ.กรุ๊ป 5 ฟะซิลลิที แมเนจเม้นท์ (Group 5 Facility)(บริหาร)>>
559,<<(บ.กรุ๊ป 5 ฟะซิลลิที แมเนจเม้นท์ (Group 5 Facility)>>
560,<<(บ.กลาสเฮ้าส์ รัชดา(Glass House)>>
561,<<(บ.กองเงิน ซิตี้โฮม)>>
562,<<(บ.กัมปนาท ดีเวลล๊อปเมนท์)>>
563,<<(บ.กู๊ด แอสเซท แมเเนจเม้นท์ (Good Asset)>>
564,<<(บ.กู๊ด แอสเซท แมเเนจเม้นท์ )>>
565,<<(บ.กู๊ดโกเวอร์แนนซ์ พรอพเพอร์ตี้ แมเนจเม้นท์ (ชลบุรี) (Good Governance))>>
566,<<(บ.คณิน แมเนจเม็นท์ จำกัด(บริหาร)>>
567,<<(บ.คอมพลีท แมเนจเม้นท์ (บริหาร))>>
568,<<(บ.คิง เมเนจเม้นท์ (บริหาร)>>
569,<<(บ.จงรัก พร็อพเพอร์ตี้ แมเนจเมนท์)>>
570,<<(บ.จัดการทรัพย์สินและชุมชน (CEMCO)
571,<<(บ.จัดการทรัพย์สินและชุมชน (CEMCO))>>
572,<<(บ.จัดการทรัพย์สินและชุมชน (CEMCO)>>
573,<<(บ.จัดการทรัพย์สินและชุมชน (CEMCO)บริหาร))>>
574,<<(บ.จินตนา 2495)>>
575,<<(บ.ชีวาทัย)>>
576,<<(บ.ซัคเซส (บริหาร)>>
577,<<(บ.ซาวิลล์ (Savills)(บริหาร))>>
578,<<(บ.ซาวิลล์ (Savills)>>
579,<<(บ.ซาวิลล์ (Savills)บริหาร))>>
580,<<(บ.ซาวิลส์ (Savills)(บริหาร))>>
581,<<(บ.ซาวิลส์ (Savills)(บริหาร)>>
582,<<(บ.ซาวิลส์ (Savills))>>
583,<<(บ.ซาวิลส์ (Savills)>>
584,<<(บ.ซาวิลส์ (Savills)บริหาร)>>
585,<<(บ.ซิตี้ รีสอร์ท แลนด์)>>
586,<<(บ.ซีพีเอ็น เรซซิเด้นซ์ (CPN )บริหาร))>>
587,<<(บ.ซีฮิลล์แลนด์ (ชลบุรี)(บริหาร)>>
588,<<(บ.ณะพัชรพล)>>
589,<<(บ.ณัฎฐา แมเนจเม้นท์)(บริหาร))>>
590,<<(บ.ณัฎฐา แมเนจเม้นท์)บริหาร)>>
591,<<(บ.ดิเอ็กเซลเลนซ์ (THE EXCELLENCE) (บริหาร)>>
592,<<(บ.ดี เวล แกรนด์ แอสเสท (D'Well Grand Asset ) (บ. ดอท พร็อพเพอรืตี้ เซอร์ววิส ))>>
593,<<(บ.ดุสิต ฮอสปิตัลลิตี้ เซอร์วิสเซล)>>
594,<<(บ.ทรีโอเนส อินดัสเทรียล ( Tirones Industrial)) >>
595,<<(บ.ทรู พร็อพเพอร์ตี้ เซอร์วิส (True Property)>>
596,<<(บ.ทรู พร็อพเพอร์ตี้ เซอวิส (True Property )(บริหาร)>>
597,<<(บ.ทรู พร็อพเพอร์ตี้ เซอวิส (True Property )>>
598,<<(บ.ทรู พร็อพเพอร์ตี้ เซอวิส (True Property )บริหาร))>>
599,<<(บ.ทรูแมน พร็อพเพอร์ตี้ แมเนจเม้นท์ (Truman-Property-Management) บริหาร)) >>
600,<<(บ.ทรูพร็อพเพอร์ตี้ เซอร์วิส ( True )>>
601,<<(บ.ทรูพร็อพเพอร์ตี้ เซอร์วิส (True Property )(บริหาร)>>
602,<<(บ.ทรูพร็อพเพอร์ตี้ เซอร์วิส (True Property )>>
603,<<(บ.ทรูพร็อพเพอร์ตี้ เซอร์วิส(True Property)(บริหาร))>>
604,<<(บ.ทรูพร็อพเพอร์ตี้ เซอร์วิส(True Property)(บริหาร)>>
605,<<(บ.ทรูพร็อพเพอร์ตี้ เซอร์วิส(True Property))>>
606,<<(บ.ทรูพร็อพเพอร์ตี้ เซอร์วิส(True Property)>>
607,<<(บ.ทรูพร็อพเพอร์ตี้ เซอร์วิส(True Property)บริหาร)>>
608,<<(บ.ทรูพร็อพเพอร์ตี้ เซอร์วิส) (True Property)>>
609,<<(บ.ทองหล่อ เมเนจเม้นท์ )>>
610,<<(บ.ทองหล่อเมเนจเม้นท์)>>
611,<<(บ.ทั่งทอง แมเนจเม้นท์(บริหาร)>>
612,<<(บ.ทัฟฟ์ เซอร์วิส (Tuff Servic )(CRM) (บริหาร))>>
613,<<(บ.ทัฟฟ์ เซอร์วิส (Tuff Servic )(CRM) )(บริหาร)>>
614,<<(บ.ทัฟฟ์ เซอร์วิส (Tuff Servic )(CRM) )>>
615,<<(บ.ทัฟฟ์ เซอร์วิส (Tuff Servic )(CRM) บริหาร))) >>
616,<<(บ.ทัฟฟ์ เซอร์วิส (Tuff Servic )(CRM)(บริหาร))>>
617,<<(บ.ทัฟฟ์ เซอร์วิส (Tuff Servic )(CRM)(บริหาร)>>
618,<<(บ.ทัฟฟ์ เซอร์วิส (Tuff Servic )(CRM))(บริหาร)>>
619,<<(บ.ทัฟฟ์ เซอร์วิส (Tuff Servic )(CRM)>>
620,<<(บ.ทัฟฟ์ เซอร์วิส (Tuff Servic )(CRM)บริหาร))>>
621,<<(บ.ทัฟฟ์ เซอร์วิส (Tuff Servic )(CRM)บริหาร)>>
622,<<(บ.ทัฟฟ์ เซอร์วิส(CRM Tuff Service( บริหาร))>>>
623,<<(บ.ทีซี พร็อพเพอร์ตี้ (TC Property)>>
624,<<(บ.ทีดับบลิว ฟาซิลิตี้ เซอร์วิส (บริหาร)>>
625,<<(บ.ทีม พร็อพเพอร์ตี้ เมเนจเม้นท์ (Team Propฯ) )>>
626,<<(บ.ทีม พร็อพเพอร์ตี้ เมเนจเม้นท์ (Team Propฯ)>>
627,<<(บ.ธีรกมล พร็อพเพอร์ตี้)>>
628,<<(บ.นครภิรมย์(บริหาร))>>
629,<<(บ.นอร์ธปาร์ค พร็อพเพอร์ตี้ ดีเวลลอปเม้นท์ ( North Park ))>>
630,<<(บ.นีโอ เรสสิเดนส์ แมเนจเมนท์)>>
631,<<(บ.นีโอ เรสสิเดนส์ แมเนจเมนท์)>>(นาราย)>>
632,<<(บ.บอส เซอร์วิส พลัส (Boss Service Plus )>>
633,<<(บ.บางกอก เมเนจเม็นท์ เรียลตี้ )>>
634,<<(บ.บางกอกทาวเวอร์เรสซิเด้นท์ (บริหาร)>>
635,<<(บ.บิ๊ก ทรี แอสเสท (Big Tree Asset)>>
636,<<(บ.บิ๊ก ทรี แอสเสท(บริหาร))>>
637,<<(บ.บิ๊ก ทรี แอสเสท)>>
638,<<(บ.บิซิเนส พร๊อพเพอร์ตี้ แมเนจเม้นท์ (BPM) (บริหาร)>>
639,<<(บ.บิซิเนส พร๊อพเพอร์ตี้ แมเนจเม้นท์ (BPM)>>
640,<<(บ.บิซิเนส พร๊อพเพอร์ตี้ แมเนจเม้นท์ (BPM)บริหาร)>>
641,<<(บ.บิลท์ ฮาร์ท(Built Heart)>>
642,<<(บ.บิวดิ้ง ดีไซน์ 2549(Building Desing 2549)>>
643,<<(บ.พรไพลิน)>>
644,<<(บ.พร็อพเพอร์ตี้ เอม โซลูชั่นส์)จำกัดบริหาร))>>
645,<<(บ.พร็อพเพอร์ตี้ เอม โซลูชั่นส์)บริหาร))>
646,<<(บ.พร็อพเพอร์ตี้ เอม โซลูชั่นส์)บริหาร))>>
647,<<(บ.พร็อพเพอร์ตี้ แมเนจเม้นท์ คอนโทรล (PMC) )>>
648,<<(บ.พร็อพเพอร์ตี้ แมเนจเม้นท์ คอนโทรล (PMC)(บริหาร))>>
649,<<(บ.พร็อพเพอร์ตี้ แมเนจเม้นท์ คอนโทรล (PMC)(บริหาร)>>
650,<<(บ.พร็อพเพอร์ตี้ แมเนจเม้นท์ คอนโทรล (PMC))>>
651,<<(บ.พร็อพเพอร์ตี้ แมเนจเม้นท์ คอนโทรล (PMC)>>
652,<<(บ.พร็อพเพอร์ตี้ แมเนจเม้นท์ คอนโทรล (PMC)บริหาร))>>
653,<<(บ.พร็อพเพอร์ตี้ แมเนจเม้นท์ คอนโทรล( PMC)(บริหาร))>>
654,<<(บ.พร็อพเพอร์ตี้ แมเนจเม้นท์ คอนโทรล( PMC)(บริหาร)>>
655,<<(บ.พร็อพเพอร์ตี้ แมเนจเม้นท์ คอนโทรล( PMC)>>
656,<<(บ.พร็อพเพอร์ตี้ แมเนจเม้นท์ คอนโทรล( PMC)บริหาร))>>
657,<<(บ.พร็อพเพอร์ตี้ แอนด์ ไลฟ์ แมเนจเม้นท์ (PLM) (บริหาร))>>
658,<<(บ.พร็อพเพอร์ตี้ แอนด์ ไลฟ์ แมเนจเม้นท์ (PLM) >>
659,<<(บ.พร็อพเพอร์ตี้ แอนด์ ไลฟ์ แมเนจเม้นท์ (PLM)(บ.บริหาร)>>
660,<<(บ.พร็อพเพอร์ตี้ แอนด์ ไลฟ์ แมเนจเม้นท์ (PLM)(บริหาร))>>
661,<<(บ.พร็อพเพอร์ตี้ แอนด์ ไลฟ์ แมเนจเม้นท์ (PLM)(บริหาร)>>
662,<<(บ.พร็อพเพอร์ตี้ แอนด์ ไลฟ์ แมเนจเม้นท์ (PLM))>>
663,<<(บ.พร็อพเพอร์ตี้ แอนด์ ไลฟ์ แมเนจเม้นท์ (PLM)>>
664,<<(บ.พร็อพเพอร์ตี้ แอนด์ ไลฟ์ แมเนจเม้นท์ (PLM)บริหาร))>>
665,<<(บ.พร็อพเพอร์ตี้ แอนด์ ไลฟ์ แมเนจเม้นท์ PLM))>>
666,<<(บ.พรอพเพอร์ตี้ โปร บิวดิ้ง แมเนจเม้นท์ )>>
667,<<(บ.พรอพเพอร์ตี้ โปร บิวดิ้ง แมเนจเม้นท์ )>>>
668,<<(บ.พรอพเพอร์ตี้ โปร บิวดิ้ง แมเนจเม้นท์ )บริหาร))>>
669,<<(บ.พรอพเพอร์ตี้ โปร บิวดิ้ง แมเนจเม้นท์)>>
670,<<(บ.พรอพเพอร์ตี้ โปรเฟสชั่นแนล แมเนจเมนท์ เซอร์วิสเซส (PPS)>>
671,<<(บ.พรีโม่พลัส)บริหาร))>>
672,<<(บ.พาวเวอร์ ซิตี้ แมเนเม้นท์ (power city management )( บริหาร)>>
673,<<(บ.พาวเวอร์ ซิตี้ แมเนเม้นท์(บริหาร)>>
674,<<(บ.พิชชา พร็อพเพอร์ตี้แมเนจเม้นท์ (บริหาร)>>
675,<<(บ.พิชชา พร็อพเพอร์ตี้แมเนจเม้นท์)>>
676,<<(บ.พี เอ ลินน์ ฟิลลิปส์ (PA Linn)(บริหาร)>>
677,<<(บ.พี เอ ลินน์ ฟิลลิปส์ (PA Linn)>>
678,<<(บ.พี เอ ลินน์ ฟิลลิปส์ (PA Linn)บริหาร)>>
679,<<(บ.พี แลนด์ แอนด์ เฮ้าส์ เซอร์วิส ) (บริหาร))>>
680,<<(บ.พี แลนด์ แอนด์ เฮ้าส์ เซอร์วิส)(บริหาร))>>
681,<<(บ.พี.เอ.เอ็น เรียลเอสเตท แมนเนจเม้นท์ (PAN)(บริหาร))>>
682,<<(บ.พี.เอ.เอ็น เรียลเอสเตท แมนเนจเม้นท์ (PAN)>>
683,<<(บ.พี.เอ.เอ็น เรียลเอสเตท แมนเนจเม้นท์ PAN (บริหาร)>>>
684,<<(บ.พี.พลัส พร็อพเพอร์ตี้ แมเนจเม้นท์ (P-Plus)>>
685,<<(บ.พี.พลัส พร็อพเพอร์ตี้ แมเนจเม้นท์( P-Plus)(บริหาร)>>
686,<<(บ.พี.พลัส พร็อพเพอร์ตี้ แมเนจเม้นท์( P-Plus))>>
687,<<(บ.พี.พลัส พร็อพเพอร์ตี้ แมเนจเม้นท์( P-Plus)>>
688,<<(บ.พี.พลัส พร็อพเพอร์ตี้ แมเนจเม้นท์( P-Plus)บริหาร))>>
689,<<(บ.พี.พลัส พร็อพเพอร์ตี้ แมเนจเม้นท์(P-PLUS )(บริหาร)>>
690,<<(บ.พีเค 2022 แมเนจเม้นท์ จำกัด )(บริหาร))>>
691,<<(บ.พีเคเค พร็อพเพอร์ตี้ แมเนจเม้นท์ ( PKK)>>
692,<<(บ.พีเคเค พร็อพเพอร์ตี้ แมเนจเม้นท์ (PKK))>>
693,<<(บ.พีค ฟาซิลิตี้ส์ แมเนจเม้นท์ แอนด์ คอนซัลแทนท์ จำกัด(บริหาร))>>
694,<<(บ.พีพีเอ็ม เเมนเนจเมนท์ (PPM) (บริหาร)>>
695,<<(บ.พีพีเอ็ม เเมนเนจเมนท์ (PPM) >>
696,<<(บ.พีพีเอ็ม เเมนเนจเมนท์ (PPM)(บริหาร))>>
697,<<(บ.พีพีเอ็ม เเมนเนจเมนท์ (PPM)(บริหาร)>>
698,<<(บ.พีพีเอ็ม เเมนเนจเมนท์ (PPM))บริหาร))>>
699,<<(บ.พีพีเอ็ม เเมนเนจเมนท์ (PPM)>>
700,<<(บ.พีพีเอ็ม เเมนเนจเมนท์ (PPM)บริหาร)) >>
701,<<(บ.พีพีเอ็ม เเมนเนจเมนท์ (PPM)บริหาร))>>
702,<<(บ.พีพีเอ็ม เเมนเนจเมนท์ (PPMบริหาร)) >>
703,<<(บ.ฟีนิกซ์ เซอร์วิส พร็อพเพอร์ตี้ (Phoenix Service (บริหาร))>>
704,<<(บ.ฟีนิกซ์ เซอร์วิส พร็อพเพอร์ตี้ (Phoenix Service )>>
705,<<(บ.ฟีนิกซ์ เซอร์วิส พร็อพเพอร์ตี้ (บริหาร)) >>
706,<<(บ.ฟีนิกซ์ เซอร์วิส พร็อพเพอร์ตี้)>>
707,<<(บ.มาร์จินอล (บริหาร))>>
708,<<(บ.ยูไลฟ์ คอร์ปอเรชั่น (Ulift)>>
709,<<(บ.ยูนิตี้ กรุ๊ป ( บ.ยูนิตี้ แมเนจเม้นท์ แอนด์ ฟาซิลิตี้ เซอร์วิส )(Unity) >>
710,<<(บ.ยูนิตี้ กรุ๊ป ( บ.ยูนิตี้ แมเนจเม้นท์ แอนด์ ฟาซิลิตี้ เซอร์วิส )(Unity)(บริหาร)) >>
711,<<(บ.ยูนิตี้ กรุ๊ป ( บ.ยูนิตี้ แมเนจเม้นท์ แอนด์ ฟาซิลิตี้ เซอร์วิส )(Unity))>>
712,<<(บ.ยูนิตี้ กรุ๊ป (Unity)(บริหาร)>>
713,<<(บ.รฐาภาส พร็อพเพอร์ตี้ แมเนจเม้นท์ (บริหาร))>>
714,<<(บ.ร่มโพธิ์ พร็อพเพอร์ตี้)(บริหาร))>>
715,<<(บ.ร่มโพธิ์ พร็อพเพอร์ตี้)>>
716,<<(บ.รักษาความปลอดภัย ซีบีเอ็ม แฟซิลิตี้ส์ แมนเนจเม้นท์ (CBM Facilities Management ) บริหาร))>>
717,<<(บ.รักษาความปลอดภัย ซีบีเอ็ม แฟซิลิตี้ส์ แมนเนจเม้นท์ (CBM)>>
718,<<(บ.รักษาความปลอดภัย ซีบีเอ็ม แฟซิลิตี้ส์ แมนเนจเม้นท์ (CBM)บริหาร))>>
719,<<(บ.รัฐาภาส พร็อพเพอร์ตี้ แมเนจเม้นท์ แอนด์ เอ็นจิเนียริ่ง(บริหาร))>>
720,<<(บ.ริช พร็อพเพอร์ตี้ แมเนจเม้นท์ (Rich Property Management)(บริหาร))>>
721,<<(บ.ริชแลนด์ พร็อพเพอร์ตี้ ดีเวลลอปเม้นท์ (บริหาร)>>
722,<<(บ.รินน้ำเพชร แมนเนจเม้นท์ จำกัด )(บริหาร)))>>
723,<<(บ.รินน้ำเพชร แมนเนจเม้นท์ จำกัด(บริหาร))>>
724,<<(บ.รีบอร์น แมเนจเม้นท์(Reborn)>>
725,<<(บ.ลีฟ อัลติเมท แวลูส์ (Liv Ultimate Valuse )(บริหาร))>>
726,<<(บ.ลีฟ อัลติเมท แวลูส์ (Liv Ultimate Valuse )>>
727,<<(บ.ลีฟ อัลติเมท แวลูส์ )>>
728,<<(บ.ลีฟ อัลติเมท แวลูส์(Live Ultimate Values)(บริหาร))>>
729,<<(บ.ลีฟ อัลติเมท แวลูส์(บริหาร))>>
730,<<(บ.ลีฟ อัลติเมท แวลูส์)(บริหาร))>>
731,<<(บ.ลีฟ อัลติเมท แวลูส์)>>
732,<<(บ.วัน พร็อพเพอร์ตี้ (One Property)>>>
733,<<(บ.วัน พร็อพเพอร์ตี้ แมเนจเม้นท์ (One Propery)>>
734,<<(บ.วาย แอล พี (YLP)(บริหาร)>>
735,<<(บ.วินด์ฟอลล์ คอนเซาท์แทนท์ (Windfall)(บริหาร))>>>
736,<<(บ.วิฟ เมเนจเม้นท์ (Viv Management) (บริหาร))>>
737,<<(บ.วิฟ เมเนจเม้นท์ (Viv Management)(บริหาร)) >>
738,<<(บ.วิฟ เมเนจเม้นท์ (บริหาร))>>
739,<<(บ.วิลล์คอน เมเนจเม็นท์ (Villecon )>>
740,<<(บ.วิลล์คอน เมเนจเม็นท์ (Villecon) >>
741,<<(บ.วิลล์คอน เมเนจเม็นท์ (Villecon)(บริหาร))>>
742,<<(บ.วิลล์คอน เมเนจเม็นท์ (Villecon)(บริหาร)>>
743,<<(บ.วิลล์คอน เมเนจเม็นท์ (Villecon)>>
744,<<(บ.วิลล์คอน เมเนจเม็นท์ (Villecon)บริหาร))>>
745,<<(บ.วิลล์คอน เมเนจเม็นท์ (Villecon)บริหาร)>>
746,<<(บ.วิลล์คอน เมเนจเม็นท์ Villcon))>>
747,<<(บ.วิลล์คอน เมเนจเม็นท์ Villcon)บริหาร))>>
748,<<(บ.วิลล์คอน เมเนจเม็นท์(Villecon) >>
749,<<(บ.วิลล์คอน เมเนจเม็นท์(Villecon)(บริหาร) >>
750,<<(บ.วิลล์คอน เมเนจเม็นท์(Villecon)(บริหาร)>>
751,<<(บ.วิลล์คอน เมเนจเม็นท์(Villecon)) >>
752,<<(บ.วิลล์คอน เมเนจเม็นท์(Villecon)>>
753,<<(บ.วิลล์คอน เมเนจเม็นท์(Villecon)บริหาร)) >>
754,<<(บ.วิลล์คอน(Villecon)(บริหาร)>>
755,<<(บ.วิลล์คอน(Villecon)>>
756,<<(บ.วี เค โปร (VK Pro )>>
757,<<(บ.วี.วี.พร๊อพเพอร์ตี้ กรุ๊ป (VV Property ))>>
758,<<(บ.วี.วี.พร๊อพเพอร์ตี้ กรุ๊ป (VV Property )บ.มี แมเนจเม้นท์ แอนด์ เซอร์วิส )>>
759,<<(บ.วี-ไวส์ แมเนจเม้นท์ )(บริหาร))>>
760,<<(บ.วีไอพี คอนโดมิเนียม (VIP Condominium)(บริหาร)>>
761,<<(บ.วีไอพี สมาร์ท ( VIP Smart )>>
762,<<(บ.วีไอพี สมาร์ท)>>
763,<<(บ.ศรีสมาน คอนโดเทล)(บริหาร))>>
764,<<(บ.สกายไนน์ แมเนจเม้นท์ (Sky Nine)(บริหาร))>>
765,<<(บ.สกายไนน์ แมเนจเม้นท์ (Sky Nine))>>
766,<<(บ.สกายไนน์ แมเนจเม้นท์ (Sky Nine)>>
767,<<(บ.สตาร์ เพอร์เฟคท์ พร็อพเพอร์ตี้ จำกัด )(บริหาร))>>
768,<<(บ.สมาร์ท เซอร์วิส แอนด์ แมเนจเม้นท์ (Smart AP) (Smart Service)(บริหาร))>>
769,<<(บ.สมาร์ท เซอร์วิส แอนด์ แมเนจเม้นท์ (Smart AP) (Smart Service)บริหาร))>>
770,<<(บ.สมาร์ท เซอร์วิส แอนด์ แมเนจเม้นท์ (Smart Service) (บริหาร))>>
771,<<(บ.สมาร์ท เซอร์วิส แอนด์ แมเนจเม้นท์ (Smart Service)( บริหาร))>>
772,<<(บ.สมาร์ท เซอร์วิส แอนด์ แมเนจเม้นท์ (Smart Service)บริหาร))>>
773,<<(บ.สมาร์ท เอสเตท โซลูชั่น (Smart Estate Solution)(บริหาร))>>
774,<<(บ.สยามโอเรียนทัล เซอร์วิส แอนด์ เมนเนจเม้นท์ (SIAM ORIENTAL SERVICE )>>
775,<<(บ.สาทร ไพร์ม พร็อพเพอร์ตี้ส์ )>>
776,<<(บ.สิรภัทร พร็อพเพอร์ตี้ แมเนจเม้นท์ (บริหาร)>>
777,<<(บ.สิริน พร็อพเพอร์ตี้ เมเนจเม้นท์ (Mega เมกะฯ บริหาร) >>
778,<<(บ.สีวลี ไลฟ์ พร๊อพเพอร์ตี้แมเนจเม้นท์ )>>
779,<<(บ.ออฟติมา แมเนจแมนท์ เซอร์วิส)>>
780,<<(บ.ออฟฟิสเซอร์ โฮลดิ้งส์)>>
781,<<(บ.ออมนิ แมนเนจเม้นท์ ( บริหาร))>>
782,<<(บ.ออมนิ แมนเนจเม้นท์)บริหาร))>>
783,<<(บ.ออลล์ อินสไปร์ ดีเวลลอปเม้นท์ ((บริหาร))>>
784,<<(บ.อัลเทอร์เนทีฟ แอสเซท ( Alternative Asset))>>
785,<<(บ.อัสไพร์ พร็อพเพอร์ตี้ จำกัด ((บริหาร))>>
786,<<(บ.อัสไพร์ พร็อพเพอร์ตี้ จำกัด(บริหาร)>>
787,<<(บ.อาร์เอสจี แบง พร็อพเพอร์ตี้ แมเนจเม้นท์ (RSG) ))>>
788,<<(บ.อาร์เอสจี แบง พร็อพเพอร์ตี้ แมเนจเม้นท์ (RSG)(บริหาร))>>
789,<<(บ.อาร์เอสจี แบง พร็อพเพอร์ตี้ แมเนจเม้นท์ (RSG)(บริหาร)>>
790,<<(บ.อาร์เอสจี แบง พร็อพเพอร์ตี้ แมเนจเม้นท์ (RSG)>>
791,<<(บ.อาร์เอสจี แบง พร็อพเพอร์ตี้ แมเนจเม้นท์(RSG)>>
792,<<(บ.อาร์เอสจี แบง พร็อพเพอร์ตี้ แมเนจเม้นท์<<(RSG)>>
793,<<(บ.อาร์พีพี ดีเวลลอปเม้นท์ (RPP Development )(บริหาร))>>
794,<<(บ.อาร์พีพี ดีเวลลอปเมนท์)(บริหาร))>>
795,<<(บ.อารียา แมนเนจเม้นต์)(บริหาร)>>
796,<<(บ.อารียา แมนเนจเม้นต์)(บริหาร)>>>
797,<<(บ.อิติ เมตตา พรอพเพอร์ตี้ แมเนจเม้นท์)>>
798,<<(บ.อินเตอร์ เรียลตี้ แมเนจเม้นท์ (IRM)(บริหาร))>>
799,<<(บ.อินดี้ พร็อพเพอร์ตี้ (Indy) >>
800,<<(บ.อินพาร์เชียล พร็อพเพอร์ตี้ แมเนจเม้น)>>
801,<<(บ.อินสแตนท์ เอสเตท แมเนจเม้นท์ (Instant ) (Total )บริหาร)>>
802,<<(บ.อินสแตนท์ เอสเตท แมเนจเม้นท์ (Instant ) (Total)>>
803,<<(บ.อินสไปร์ แมเนจเม้นท์ )(Inspire Management)>>
804,<<(บ.อีสเทิร์นพรีเมียร์ (บริหาร))>>
805,<<(บ.อุดมสุข โปรเจค แมเนจเม้นท์ (บริหาร))>>
806,<<(บ.อุดมสุขโปรเจค เมเนจเม้นท์ (บริหาร)>>
807,<<(บ.อุดมสุขโปรเจค เมเนจเม้นท์)>>
808,<<(บจก.ซัคเซส เซอร์วิส)(บริหาร))>>
809,<<(บริษัท เซ็น เอกซ์ พร็อพเพอร์ตี้ แมเนจเม้นท์ จำกัด (ACRM) (Acute)(บริหาร)>>
810,<<(บริษัท เซ็น เอกซ์ พร็อพเพอร์ตี้ แมเนจเม้นท์ จำกัด (ACRM) (Acute)>>
811,<<(บริษัท เซ็น เอกซ์ พร็อพเพอร์ตี้ แมเนจเม้นท์ จำกัด(บริหาร)((ACRM)>>
812,<<(บริษัท เพาเวอร์ พลัส โฟลว์ แมนเนจเมนท์ จํากัด)>>
813,<<(บริษัท เพาเวอร์ พลัส โฟลว์ แมนเนจเมนท์)(บริหาร)>>
814,<<(บริษัท เพื่อการจัการของหมู่บ้านจัดสรร จำกัด )>>
815,<<(บริษัท เพื่อการจัดการของหมู่บ้านจัดสรร จำกัด )>>
816,<<(บริษัท เอ.ซี. พร็อพเพอร์ตี้ กรุ๊ป) (AC Property)>>
817,<<(บริษัท เอ.ซี. พร็อพเพอร์ตี้ กรุ๊ป) (AC Property)บริหาร))>>
818,<<(บริษัท เอ.ซี. พร็อพเพอร์ตี้ กรุ๊ป)>>
819,<<(บริษัท เอ.พี พลัส เซอร์วิส จำกัด)>>
820,<<(บริษัท เอพีเอ็ม แมเนจเม้นท์ ) (APM Management) (บริหาร)>>
821,<<(บริษัท เอส ที เอ็มเอส จำกัด (บริหาร))>>
822,<<(บริษัท เอสทีเอส สมาร์ทไลฟ์ แมเนจเม้นท์ จำกัด)(STS Smart Life Management)(บริหาร)>>
823,<<(บริษัท แกรนด์ แอสเซท เซอร์วิส แอนด์ แมเนจเม้นท์)(บริหาร)>>
824,<<(บริษัท โปรแอ๊คทีฟ จำกัด)(บริหาร))>>
825,<<(บริษัท โฟร์ สมาร์ท พร็อพเพอร์ตี้ แมเนจเม้นท์ จำกัด(บ.บริหาร)>>
826,<<(บริษัท โฟร์ สมาร์ท พร็อพเพอร์ตี้ แมเนจเม้นท์ จำกัด)(บริหาร)>>
827,<<(บริษัท โฟร์ สมาร์ท พร็อพเพอร์ตี้ แมเนจเม้นท์ จำกัด)>>
828,<<(บริษัท โรส แมเนจเม้นท์ จำกัด )>>
829,<<(บริษัท ไพร์ม เอสเตท แมเนจเม้นท์ จำกัด(บริหาร)>>
830,<<(บริษัท กรุ๊ป 5 ฟะซิลลิที แมเนจเม้นท์ จำกัด)บริหาร))>>
831,<<(บริษัท ซัมซัม พร็อพเพอร์ตี้ แม้นจเม้นท์ จำกัด)บริหาร))>><<(บริษัท ธนกร พร็อพเพอร์ตี้ แมเนจเม้นท์ จำกัด)บริหาร))>>
832,<<(บริษัท ซี.เอ็ม.เอสเตท จำกัด (บ.เกรทเทอร์ โปรเฟสชั่นแนล แมเนจเมนท์ )(บริหาร))>>
833,<<(บริษัท ซีทีเอ็ม 2019 จำกัด (บริหาร))>>
834,<<(บริษัท ดับเบิ้ลยู เอเอ็ม.รุ่งเรือง แมเนจเม้นท์ จำกัด (WAM)บริหาร))>>
835,<<(บริษัท ดับเบิ้ลยูเอเอ็ม. รุ่งเรืองแมเนจเม้นท์ จำกัด)(บริหาร))>>
836,<<(บริษัท ดุสิต ฮอสปิตัลลิตี้ เซอร์วิสเซส ( Dusit Hospitality Services)(บริหาร))>>
837,<<(บริษัท ดุสิต ฮอสปิตัลลิตี้ เซอร์วิสเซส ( Dusit Hospitality Services)>>
838,<<(บริษัท ดุสิต ฮอสปิตัลลิตี้ เซอร์วิสเซส ( Dusit)(บริหาร))>>
839,<<(บริษัท บี เค แมเนจเม้นท์ แอนด์ เซอร์วิส จำกัด)(บริหาร))>>
840,<<(บริษัท พลัส พร็อพเพอร์ตี้ จำกัด(บริหาร))>>
841,<<(บริษัท ยูเนี่ยนโฟร์ พร็อพเพอร์ตี้ แมเนจเม้นท์ จำกัด)(บริหาร))>>
842,<<(บริษัท รินน้ำเพชร แมนเนจเม้นท์ จำกัดบริหาร))>>
843,<<(บริษัท อาร์ เจ 9 เซอร์วิส จำกัด (บริหาร))>>
844,<<(บริษัท อาร์ เจ 9 เซอร์วิส จำกัด >>
845,<<(บริษัท อาร์ เจ 9 เซอร์วิส จำกัดและห้างหุ้นส่วนจำกัด ไทย พี พี) (บริหาร))>>
846,<<(บริษัท อาร์เจ 9 เซอร์วิส จำกัด )(บริหาร))>>
847,<<(บริษัท อาร์พีพี ดีเวลลอปเม้นท์ จำกัด (บริหาร ))>>
848,<<(บริษัท อินทัช พร็อพเพอร์ตี้ แมเนจเม้นท์ จำกัด)(บริหาร))>>
849,<<(บริษัท อินทัช พร็อพเพอร์ตี้ แมเนจเม้นท์ จำกัด)>>
850,<<(บัณฑิตทาวน์)>>
851,<<(ลีฟ อัลติเมท แวลูส์(Live Ultimate Values)(บริหาร))>>
852,<<(ลีฟ อัลติเมท แวลูส์(Live Ultimate Values)(บริหาร))>>>>
853,<<(ลีฟ อัลติเมท แวลูส์(Live Ultimate Values)>>
854,<<(ส่งใบเสนอราคาไปแล้ว ไม่มีการตอบกลับ หมด 09/2564)>>
855,<<(สินธรณี พร็อพเพอร์ตี้)>>
856,<<(ห้างหุ้นส่วนจำกัด ไทย พี พี) (บริหาร))>>
857,<<(ห้างหุ้นส่วนจำกัด ไทย พี พี)>>
858,<<(อัลติจูด ดีเวลลอปเม้นท์ (Altitude Development)>>
859,<<(อัลติจูด ดีเวลลอปเม้นท์ (Altitude Development)>>>
860,<<(อาร์ เจ 9 เซอร์วิส)>>
861,<<(ฮิลล์ไซด์พายัพคอนโดมิเนียม 7(Hillside payap condominium 7)(เชียงใหม่) )>>
862,<<<(บ.พร็อพเพอร์ตี้ แมเนจเม้นท์ คอนโทรล( PMC)(บริหาร))>>>
863,<<เมกะ พร็อพเพอร์ตี้ แมเนจเม้นท์ แอนด์ คอนซัลแทนซี่ )(Mega)>>
864,<<บ.เอ.ซี. พร็อพเพอร์ตี้ กรุ๊ป(AC Property Group)>>
865,<<บ.เอฟ พรอพเพอร์ตี้ แมเนจเม้นท์ (F Property) >>
866,<<บ.ไทย แอซเซ็ท พร็อพเพอร์ตี้ แอนด์ เจ.พี )(Thai Asset Property And J.P.)>>
867,<<บ.ไอ อาร์ เอ็ม เอ็กซ์ตร้า (IRM-Extra)บริหาร))>>
868,<<บ.คุณากรชัย)>>
869,<<บ.ทีซี พร็อพเพอร์ตี้ (TC Property)>>
870,<<บ.บิซิเนส พร๊อพเพอร์ตี้ แมเนจเม้นท์ (BPM)>>
871,<<บ.พร็อพเพอร์ตี้ แมเนจเม้นท์ คอนโทรล (PMC)>>
872,<<บ.พร็อพเพอร์ตี้ แอนด์ ไลฟ์ แมเนจเม้นท์ (PLM)>>
873,<<บ.พี เอ ลินน์ ฟิลลิปส์ (PA Linn) (โนเบิลรีฟอร์ม (Noble Reform)บริหาร)>>
874,<<บ.พี เอ ลินน์ ฟิลลิปส์ (PA Linn) บริหาร)>>
875,<<บ.พี เอ ลินน์ ฟิลลิปส์ (PA Linn)บริหาร)>>
876,<<บ.ออลล์ไรส์ พร็อพเพอร์ตี้ แมเนจเม้นท์(All Rise Mega)>>
877,<<หจก.ที.เอ.บี เอสเตท แมนเนจเม้นท์))บริหาร)>>
878,<IRM((บริหาร))>
879,>(BM Group(บริหาร)
880,>>(บ.ไบร์ท พร็อพเพอร์ตี้ เซอร์วิสเซส )>>
881,Acute
882,Acute (เอซีอาร์ แมเนจเม้นท์)
883,Acute (เอซีอาร์ แมเนจเม้นท์)(โมทีฟ คอนโด)
884,BM Group (บริหาร)
885,BM Group(บริหาร)
886,Boss Service (บอส เซอร์วิส พลัส
887,BTP
888,CBM) Facilities Management
889,Cemco
890,Grand Asset Prosperity
891,IQ
892,IQ ไอคิว
893,IRM (บริหาร)
894,IRM-Extra (สุรนารีวิลล์ และ สิรารมย์ 5)>>
895,LICENCE05/2564
896,Liv Ultimate Value
897,Major Property
898,Metro
899,PLM
900,PMC
901,PPM
902,RPM
903,RSG
904,Savills
905,Savills (ซาวิลส์)
906,Smartservice
907,SMC
908,Thai Asset Property
909,True Property บ.ทรู พร็อพเพอร์ตี้ เซอร์วิส
910,Tuff (ทัฟฟ์ เซอร์วิส) (CRM)
911,Ulife ยูไลฟ์
912,Unity (ยูนิตี้ กรุ๊ป)
913,Vertical
914,Vertical)(บ.เวอร์ติคอล
915,Villecon
916,Villecon (วิลล์คอน
917,Villecon วิลล์คอน
918,เกรส ไอวอรี่( Grace Ivory)
919,เจ ไลน์ แมเนจเม้นท์)(J Line Management )
920,เดอะไนน์ พร๊อพเพอร์ตี้ แมเนจเมนท์(The Nine
921,เมเจอร์ พร็อพเพอร์ตี้ เซอร์วิส
922,เมเจอร์ พร็อพเพอร์ตี้ เซอร์วิส (Major Property Service)
923,เมกะ พร็อพเพอร์ตี้ แมเนจเม้นท์ แอนด์ คอนซัลแทนซี่
924,เมกะ พร็อพเพอร์ตี้ แมเนจเม้นท์ แอนด์ คอนซัลแทนซี่ )(Mega)
925,เลอ ริช (สาธุประดิษฐ์)
926,เอเอฟแมเนจเมนท์ เซอร์วิส (AF Management Service)
927,เอคควิตี้ พร็อพเพอร์ตี้ (Equity)
928,เอซีอาร์ แมเนจเม้นท์ (Acute)
929,เอซีอาร์ แมเนจเม้นท์ (Acute)(ACRM)
930,เอซีอาร์ แมเนจเม้นท์(ACRM
931,เอฟ พรอพเพอร์ตี้ (F Property)
932,เอฟ พรอพเพอร์ตี้(F Property)
933,แซนด์ แอนด์ สโตน (Sand and Stone)
934,โกรว พรอพเพอร์ตี้ (Grow Property)
935,ไนท์ แฟรงค์
936,ไนท์แฟรงค์
937,ไนท์แฟรงค์ Knight Frank
938,ไนท์แฟรงค์( Knight Frank)
939,จี วัน แลนด์ (G/1 Land)
940,ซิส เซิร์ฟเวอร์(Sys Server)
941,ทรู พร็อพเพอร์ตี้ เซอร์วิส True Property
942,ทรู พร็อพเพอร์ตี้ เซอวิส (True Property )
943,ทรู พร็อพเพอร์ตี้ เซอวิส (True Property )1(บริหาร)
944,ทัฟฟ์ เซอร์วิส (TUFF SERVICE )(CRM)
945,ทัฟฟ์ เซอร์วิส(CRM)
946,นีโอ คลับ
947,บ เมโทร พรอพเพอร์ตี้
948,บ เมกะ พร็อพเพอร์ตี้ แมเนจเม้นท์
949,บ. เจ พลัส พร็อพเพอร์ตี้ เมเนจเม้นท์
950,บ. เจ พลัส พร็อพเพอร์ตี้ เมเนจเม้นท์ (J Plus)
951,บ. เดอะไนน์ พร๊อพเพอร์ตี้ แมเนจเมนท์
952,บ. เฟรเกรนท์ พร็อพเพอร์ตี้ แมเนจเม้นท์
953,บ. เฟิร์ส แปซิฟิค ฮาริสัน
954,บ. เฟิร์ส แปซิฟิค ฮาริสัน (First Pacific)
955,บ. เมกะ พร็อพเพอร์ตี้
956,บ. เวอร์ติพลัส 98
957,บ. เอคควิตี้ พร็อพเพอร์ตี้ แมเนจเม้นท์
958,บ. เอฟ พรอพเพอร์ตี้ แมเนจเม้นท์
959,บ. เอฟ พรอพเพอร์ตี้ แมเนจเม้นท์ (F Property )
960,บ. เอสเอ็มซี พร็อพเพอร์ตี้ ซอฟต์ (SMC)
961,บ. แกรนด์ เวิร์ค พลัส แอสเสท
962,บ. ไทย พี พี ไทย พี พี
963,บ. กู๊ด แอสเซท แมเเนจเม้นท์
964,บ. ทัฟฟ์ เซอร์วิส (Tuff Service ) (CRM)
965,บ. ธีรกมล พร็อพเพอร์ตี้
966,บ. บิลท์ ฮาร์ท(Built Heart)
967,บ. พร็อพเพอร์ตี้ แมเนจเม้นท์ คอนโทรล (PMC)
968,บ. พร็อพเพอร์ตี้ แมเนจเม้นท์ คอนโทรล(PMC)
969,บ. พี.พลัส พร็อพเพอร์ตี้ แมเนจเม้นท์ (P-Plus)
970,บ. ฟาสต์ พร็อพเพอร์ตี้ โซลูชั่น
971,บ. ยูไลฟ์ พร็อพเพอร์ตี้ แมเนจเม้นท์
972,บ. ริช พร็อพเพอร์ตี้ แมเนจเม้นท์
973,บ. ริช พร็อพเพอร์ตี้ แมเนจเม้นท์ ( Rich Property )
974,บ. ริช พร็อพเพอร์ตี้ แมเนจเม้นท์ (Rich Property Management)
975,บ. ริช พร็อพเพอร์ตี้ แมเนจเม้นท์(บริหาร)
976,บ. วัน พร็อพเพอร์ตี้ แมเนจเม้นท์(One Property)
977,บ. วิลล์คอน เมเนจเม็นท์
978,บ. วิลล์คอน เมเนจเม็นท์ (Villecon)
979,บ. วี เค โปร
980,บ. วี เค โปร (VK Pro)
981,บ. สีวลี ไลฟ์ พร๊อพเพอร์ตี้แมเนจเม้นท์
982,บ.เกรท พรอพเพอร์ตี้
983,บ.เกรท พร็อพเพอร์ตี้ แมเนจเม้นท์
984,บ.เค.เอส.ฟอร์จูน
985,บ.เคอร์เทซี เซอร์วิสเซส คอร์ปอเรชั่น
986,บ.เจ พลัส พร็อพเพอร์ตี้ เมเนจเม้นท์
987,บ.เจเอเอส แอสเซ็ท ( JAS Asset )
988,บ.เจเอเอส แอสเซ็ท ( JAS Asset )(บริหาร)
989,บ.เจไอพีเอ็ม (เจนัส อินเตอร์เนชั่นแนล พรอพเพอร์ตี้ แมเนจเม้นท์) (JIPM_Janus)
990,บ.เซ็นจูรี่ ทเวนตี้วัน พร็อพเพอร์ตี้ เอมส์
991,บ.เซ็นจูรี่ ทเวนตี้วัน พร็อพเพอร์ตี้ เอมส์(บริหาร)
992,บ.เดอะ ไนน์ พร๊อพเพอร์ตี้ แมเนจเมนท์
993,บ.เดอะ วัน แมเนจเม้นท์
994,บ.เดอะไนน์ พร๊อพเ แมเนจเมนท์
995,บ.เดอะไนน์ พร๊อพเพอร์ตี้ แมเนจเมนท์
996,บ.เดอะไนน์ พร๊อพเพอร์ตี้ แมเนจเมนท์ (The Nine)
997,บ.เดอะไนน์ พร๊อพเพอร์ตี้ แมเนจเมนท์ (The Nine) (บริหาร)>>
998,บ.เดอะไนน์ พร๊อพเพอร์ตี้ แมเนจเมนท์(The Nine Property)
999,บ.เดอะไนน์ พร๊อพเพอร์ตี้ แมเนจเมนท์(The Nine Property) บริหาร
1000,บ.เดอะไนน์ พร๊อพเพอร์ตี้ แมเนจเมนท์(The Nine)
1001,บ.เดอะสมาร์ท กรุ๊ป
1002,บ.เดอะสมาร์ท กรุ๊ป (The Smart Group)
1003,บ.เบเน่ เบเน่ (Bene Bene)
1004,บ.เพกาซัส อินเตอร์เนชันแนล
1005,บ.เพรสทีจ เรสซิเด้นท์
1006,บ.เพอร์เฟค เพรสทิจ พร็อพเพอร์ตี้(**แต่ลูกค้าแจ้งว่า คณิต แมนเนจเม้นท์ บริหาร)
1007,บ.เพอร์เฟค พร็อพเพอร์ตี้ แอนด์ แอคเค้าท์ติ้ง
1008,บ.เฟิร์ส แปซิฟิค ฮาริสัน
1009,บ.เฟิร์ส แปซิฟิค ฮาริสัน(First Pacific)
1010,บ.เฟิร์ส แปซิฟิค ฮาริสัน(First Pacific)(บริหาร)
1011,บ.เฟิร์ส แปซิฟิค ฮาริสัน)(First Pacific)(บริหาร)
1012,บ.เมเจอร์ พร็อพเพอร์ตี้ เซอร์วิส
1013,บ.เมเจอร์ พร็อพเพอร์ตี้ เซอร์วิส (Major Property Service)
1014,บ.เมเจอร์ พร็อพเพอร์ตี้ เซอร์วิส (Major Property Service)(บริหาร)
1015,บ.เมโทร พรอพเพอร์ตี้
1016,บ.เมโทร พรอพเพอร์ตี้ แมเนจเม้นท์ (Metro)
1017,บ.เมโทร พรอพเพอร์ตี้ แมเนจเม้นท์ (Metro)(บริหาร)
1018,บ.เมโทร พรอพเพอร์ตี้ แมเนจเม้นท์(Metro ProPerty)
1019,บ.เมโทร พรอพเพอร์ตี้แมเนจเม้นท์ (Metro ProPerty)
1020,บ.เมกะ พร็อพเพอร์ตี้ แมเนจเม้นท์ แอนด์ คอนซัลแทนซี่
1021,บ.เมกะ พร็อพเพอร์ตี้ แมเนจเม้นท์ แอนด์ คอนซัลแทนซี่ (Mage)
1022,บ.เรียลแมนเนจเม้นท์ 2552
1023,บ.เรียลแมนเนจเม้นท์ 2552 ( Real Management 2552 )
1024,บ.เรียลพร็อพเพอร์ตี้แมเนจเม้นท์ (RPM)
1025,บ.เรียลพร็อพเพอร์ตี้แมเนจเม้นท์( RPM)
1026,บ.เรียลพร็อพเพอร์ตี้แมเนจเม้นท์( RPM)(บริหาร)
1027,บ.เวอร์ติคอล
1028,บ.เวอร์ติคอล (Vertical)
1029,บ.เวอร์ติคอล (Vertical)(บริหาร))
1030,บ.เอคควิตี้
1031,บ.เอคควิตี้ พร็อพเพอร์ตี้ แมเนจเม้นท์ (Equity)
1032,บ.เอคิว พร๊อพเพอร์ตี้ แมเนจเม้นท์ (AQ)
1033,บ.เอคิว พร๊อพเพอร์ตี้ แมเนจเม้นท์ (IQ)
1034,บ.เอซีอาร์ แมเนจเม้นท์ ( Acute)
1035,บ.เอซีอาร์ แมเนจเม้นท์ (Acute)
1036,บ.เอซีอาร์ แมเนจเม้นท์ (Acute) (ACR)
1037,บ.เอซีอาร์ แมเนจเม้นท์ (Acute) (บริหาร)
1038,บ.เอซีอาร์ แมเนจเม้นท์ (Acute)(ACRM)(บริหาร)
1039,บ.เอซีอาร์ แมเนจเม้นท์ (Acute)(บริหาร)
1040,บ.เอ็นทรัส พร๊อพเพอร์ตี้
1041,บ.เอ็นทรัส พร๊อพเพอร์ตี้ (Entrust Property )
1042,บ.เอฟ พรอพเพอร์ตี้ แมเนจเม้นท์
1043,บ.เอฟ พรอพเพอร์ตี้ แมเนจเม้นท์ (F Property )
1044,บ.เอฟ พรอพเพอร์ตี้ แมเนจเม้นท์ (F Property)
1045,บ.เอฟ พรอพเพอร์ตี้ แมเนจเม้นท์ (F Property)(บริหาร)
1046,บ.เอฟ พร็อพเพอร์ตี้ แมเนจเม้นท์ (บริหาร)
1047,บ.เอ็ม แมเนจเม้นท์ (M Management)
1048,บ.เอ็ม แมเนจเม้นท์ (M Management)(บริหาร)
1049,บ.เอ็ม แมนเนจเม้นท์
1050,บ.เอ็มคิวดีซี เคอร์เทซี เซอร์วิส คอร์ปอเรชั่น )(QMDC)
1051,บ.เอ็มคิวดีซี เคอร์เทซี เซอร์วิส คอร์ปอเรชั่น) (MQDC Courtesy)
1052,บ.เอ็มดีเอ็ม แมเนจเม้นท์ กรุ๊ป (ADM )
1053,บ.เอ็มดีเอ็ม แมเนจเม้นท์ กรุ๊ป (MDM)
1054,บ.เอส เอช วี หัวหิน )(SHV
1055,บ.เอส เอช วี หัวหิน )(SHV)
1056,บ.เอสเอ็มซี พร็อพเพอร์ตี้ ซอฟต์ (SMC)
1057,บ.เอสเอสเอ็ม เซอร์วิส แอนด์ แมเนจเม้นท์ (SSM)
1058,บ.แกรนด์ แอสเซท พรอสเพอริตี้
1059,บ.แกรนด์ แอสเซท พรอสเพอริตี้)(Grand Asset Prosperity
1060,บ.แกรนด์ พี พรอพเพอร์ตี้
1061,บ.แซนด์ แอนด์ สโตน
1062,บ.แซนด์ แอนด์ สโตน (Sand & Stone)
1063,บ.โกล ลิฟวิ่ง พร็อพเพอร์ตี้
1064,บ.โกล ลิฟวิ่ง พร็อพเพอร์ตี้ (Goal Living Property )
1065,บ.โบ๊เบ๊ทาวเวอร์
1066,บ.โพแมค ควอลิตี้ แมนเนจเม้นท์
1067,บ.โมเดอร์น
1068,บ.โมเดอร์น พร็อพเพอร์ตี้ แมเนจเมนท์
1069,บ.โมเดอร์น พร็อพเพอร์ตี้ แมเนจเมนท์ (Modern Property)
1070,บ.โมเดอร์น พร็อพเพอร์ตี้ แมเนจเมนท์(Moderm Property)
1071,บ.โอเพ่น เทคโนโลยี่ (Open technology)
1072,บ.ไดมอนด์ พร็อพเพอร์ตี้ แมเนจเม้นท์
1073,บ.ไทเทค โปรเซิร์ฟ
1074,บ.ไทย แอซเซ็ท พร็อพเพอร์ตี้ แอนด์ เจ.พี
1075,บ.ไทย แอซเซ็ท พร็อพเพอร์ตี้ แอนด์ เจ.พี (Thai Asset Property)
1076,บ.ไทย แอซเซ็ท พร็อพเพอร์ตี้ แอนด์ เจ.พี(บ.บริหาร/ซื้อนามนิติ
1077,บ.ไทย แอสเสท กรุ๊ป
1078,บ.ไทย พี พี ไทย พี พี
1079,บ.ไทยสตาร์แลนด์
1080,บ.ไนท์แฟรงค์( Knight Frank)
1081,บ.ไบรท์ ดีเวลลอปเมนท์ กรุงเทพ
1082,บ.ไบร์ท พร็อพเพอร์ตี้ เซอร์วิสเซส
1083,บ.ไพรม์ พร็อพเพอร์ตี้ กรุ๊ป
1084,บ.ไอเอสเอส ฟาซิลิตี้ เซอร์วิส(ISS)
1085,บ.ไอไลฟ์ แมเนจเม้นท์
1086,บ.ไอคิว แมเนจเม้นท์
1087,บ.ไอคิว แมเนจเม้นท์ (IQ)
1088,บ.ไอคิว แมเนจเม้นท์(IQ)
1089,บ.ไอสไตล์ พร็อพเพอร์ตี้ I Style(IQ)
1090,บ.ไอสไตล์ พร็อพเพอร์ตี้( I Style)บ.ไอคิว แมเนจเม้นท์ (IQ)
1091,บ.ไฮพร๊อพเพอร์ตี้ เมเนจเม้นท์
1092,บ.กรุงเทพ แอสเซ็ท แอนด์ คอนซัลแทนท์ ( Bangkok Asset and Consultant )
1093,บ.กรุ๊ป 5 ฟะซิลลิที แมเนจเม้นท์ (Group 5 Facility)
1094,บ.กลาสเฮ้าส์ รัชดา Glass House
1095,บ.กลาสเฮ้าส์ รัชดา(Glass House)
1096,บ.กัมปนาท ดีเวลล๊อปเมนท์
1097,บ.กู๊ด แอสเซท แมเเนจเม้นท์
1098,บ.กู๊ด แอสเซท แมเเนจเม้นท์ (Good Asset)
1099,บ.คลาส แอสเซท
1100,บ.ควอลิตี้ คอมมูนิตี้ แมเนจเม้นท์
1101,บ.คุณากรชัย
1102,บ.จงรัก พร็อพเพอร์ตี้ แมเนจเมนท์
1103,บ.จัดการทรัพย์สินและชุมชน (CEMCO)
1104,บ.จัดการทรัพย์สินและชุมชน (CEMCO)(บริหาร)>>
1105,บ.จินตนา 2495
1106,บ.ชีวาทัย
1107,บ.ชีวาทัย (Chewathai)
1108,บ.ซาวิลล์ (Savills)
1109,บ.ซาวิลส์ (Savills)
1110,บ.ซิส เซิร์ฟเวอร์
1111,บ.ซิส เซิร์ฟเวอร์)(Sys Server)
1112,บ.ซีพีเอ็น เรซซิเด้นซ์ (CPN )
1113,บ.ซีพีเอ็น เรซซิเด้นซ์ (CPN)
1114,บ.ซีพีเอ็น เรซซิเด้นซ์ )(CPN
1115,บ.ซีพีเอ็น เรซซิเด้นซ์)(CPN)
1116,บ.ณวรางค์ แอสเซท
1117,บ.ดิ อินสไปร์ เรียล เอสเตท (THE INSPIRE ESTATE )
1118,บ.ดิเอ็กเซลเลนซ์ (THE EXCELLENCE) (บริหาร)
1119,บ.ทรู พร็อพเพอร์ตี้ เซอร์วิส( True Property)
1120,บ.ทรู พร็อพเพอร์ตี้ เซอร์วิส(True Property)
1121,บ.ทรู พร็อพเพอร์ตี้ เซอวิส (True Property )
1122,บ.ทรู พร็อพเพอร์ตี้ เซอวิส (True Property ) ( พลัม คอนโด นวมินทร์)
1123,บ.ทรูพร็อพเพอร์ตี้ เซอร์วิส ( True )
1124,บ.ทรูพร็อพเพอร์ตี้ เซอร์วิส (True Property )
1125,บ.ทรูพร็อพเพอร์ตี้ เซอร์วิส(True Property)
1126,บ.ทรูพร็อพเพอร์ตี้ เซอร์วิส) (True Property
1127,บ.ทองหล่อเมเนจเม้นท์
1128,บ.ทัฟฟ์ เซอร์วิส (CRM)
1129,บ.ทัฟฟ์ เซอร์วิส (Tuff Servic )(CRM)
1130,บ.ทัฟฟ์ เซอร์วิส (Tuff Servic )(CRM) (บริหาร)
1131,บ.ทัฟฟ์ เซอร์วิส(CRM Tuff Service
1132,บ.ทีซี พร็อพเพอร์ตี้ (TC Property)
1133,บ.ทีม พร็อพเพอร์ตี้ เมเนจเม้นท์ (Team Property)
1134,บ.ทีม พร็อพเพอร์ตี้ เมเนจเม้นท์ (Team Propฯ)
1135,บ.ธีรการเอสเตรท
1136,บ.นีโอ เรสสิเดนส์ แมเนจเมนท์
1137,บ.บอส เซอร์วิส พลัส (Boss Service )
1138,บ.บอส เซอร์วิส พลัส (Boss Service Plus )
1139,บ.บอส เซอร์วิส พลัส (Boss Service Plus)
1140,บ.บิ๊ก ทรี แอสเสท
1141,บ.บิซิเนส พร๊อพเพอร์ตี้ แมเนจเม้นท์ (BPM)
1142,บ.บิซิเนส พร๊อพเพอร์ตี้ แมเนจเม้นท์ (BPM)(บริหาร)
1143,บ.บิยอนด์ พรอพเพอร์ตี้ แมเนจเม้นท์
1144,บ.บิยอนด์ พรอพเพอร์ตี้ แมเนจเม้นท์ (บริหาร)
1145,บ.บิลท์ ฮาร์ท (Prebuit Buitheart)
1146,บ.บิลท์ ฮาร์ท(Built Heart)
1147,บ.บิวดิ้ง ดีไซน์ 2549 (Building Design)
1148,บ.บี เอส เอเจนซี่ แอนด์ แอ็สเซ็ท
1149,บ.พรไพลิน
1150,บ.พร็อพเพอร์ตี้ แมเนจเม้นท์ คอนโทรล ( PMC)
1151,บ.พร็อพเพอร์ตี้ แมเนจเม้นท์ คอนโทรล (PMC)
1152,บ.พร็อพเพอร์ตี้ แมเนจเม้นท์ คอนโทรล (PMC)(บริหาร)
1153,บ.พร็อพเพอร์ตี้ แมเนจเม้นท์ คอนโทรล( PMC)
1154,บ.พร็อพเพอร์ตี้ แมเนจเม้นท์ คอนโทรล( PMC)(บริหาร)
1155,บ.พร็อพเพอร์ตี้ แอนด์ ไลฟ์ แมเนจเม้นท์ (PLM)
1156,บ.พร็อพเพอร์ตี้ แอนด์ ไลฟ์ แมเนจเม้นท์ (PLM)(บ.บริหาร)
1157,บ.พร็อพเพอร์ตี้ แอนด์ ไลฟ์ แมเนจเม้นท์ (PLM)(บริหาร)
1158,บ.พร็อพเพอร์ตี้ แอนด์ ไลฟ์ แมเนจเม้นท์(PLM)
1159,บ.พรอพเพอร์ตี้ โปร บิวดิ้ง แมเนจเม้นท์
1160,บ.พรอพเพอร์ตี้ โปรเฟสชั่นแนล แมเนจเมนท์ เซอร์วิสเซส (PPS)
1161,บ.พาร์ทเนอร์ คลับ เซอร์วิส
1162,บ.พิชชา พร็อพเพอร์ตี้แมเนจเม้นท์ (บริหาร)
1163,บ.พี แลนด์ แอนด์ เฮ้าส์ เซอร์วิส
1164,บ.พี.พลัส พร็อพเพอร์ตี้ แมเนจเม้นท์ ( P-Plus)
1165,บ.พี.พลัส พร็อพเพอร์ตี้ แมเนจเม้นท์ (P-Plus)
1166,บ.พี.พลัส พร็อพเพอร์ตี้ แมเนจเม้นท์( P-Plus)
1167,บ.พี.พลัส พร็อพเพอร์ตี้ แมเนจเม้นท์(P-PLUS )
1168,บ.พี.พลัส พร็อพเพอร์ตี้ แมเนจเม้นท์(P-PLUS )(บริหาร)
1169,บ.พีเคเค พร็อพเพอร์ตี้ แมเนจเม้นท์ ( PKK)
1170,บ.พีเคเค พร็อพเพอร์ตี้ แมเนจเม้นท์ (PKK)
1171,บ.พีพีเอ็ม เเมนเนจเมนท์ (PPM)
1172,บ.พีพีเอ็ม เเมนเนจเมนท์ (PPM)(บริหาร)
1173,บ.ฟีนิกซ์ เซอร์วิส พร็อพเพอร์ตี้
1174,บ.ฟีนิกซ์ เซอร์วิส พร็อพเพอร์ตี้ (Phoenix Service )
1175,บ.ยูไลฟ์ คอร์ปอเรชั่น
1176,บ.ยูไลฟ์ พร็อพเพอร์ตี้ แมเนจเม้นท์
1177,บ.ยูนิตี้ กรุ๊ป
1178,บ.ยูนิตี้ กรุ๊ป (Unity)
1179,บ.ยูนิตี้ กรุ๊ป (Unity)(บริหาร)
1180,บ.ยูนิตี้ กรุ๊ป(Unity)
1181,บ.ร่มโพธิ์ พร็อพเพอร์ตี้
1182,บ.รักษาความปลอดภัย ซีบีเอ็ม แฟซิลิตี้ส์ แมนเนจเม้นท์ (CBM)
1183,บ.ริเวนเดลล์
1184,บ.ริช พร็อพเพอร์ตี้ แมเนจเม้นท์
1185,บ.ริชแลนด์ พร็อพเพอร์ตี้ ดีเวลลอปเม้นท์
1186,บ.ริชแลนด์ พร็อพเพอร์ตี้ ดีเวลลอปเม้นท์ (บริหาร)
1187,บ.รีเจ้นท์ กรีน เพาเวอร์
1188,บ.ลิฟ อัลติเมท แวลูส์
1189,บ.ลีฟ อัลติเมท แวลูส์
1190,บ.ลีฟ อัลติเมท แวลูส์-
1191,บ.ลีฟ อัลติเมท แวลูส์ (Liv Ultimate Valuse )
1192,บ.ลีฟ อัลติเมท แวลูส์(Live Ultimate Values)
1193,บ.ลีฟ อัลติเมท แวลูส์(บริหาร)
1194,บ.วัน พร็อพเพอร์ตี้ (One Property)
1195,บ.วัน พร็อพเพอร์ตี้ แมเนจเม้นท์ (One Property)
1196,บ.วัน พร็อพเพอร์ตี้ แมเนจเม้นท์ (One Propery)
1197,บ.วัน พร็อพเพอร์ตี้ แมเนจเม้นท์(One Property)
1198,บ.วาย แอล พี (YLP)(บริหาร)
1199,บ.วิลล์คอน เมเนจเม็นท์
1200,บ.วิลล์คอน เมเนจเม็นท์ (Villecon )
1201,บ.วิลล์คอน เมเนจเม็นท์ (Villecon)
1202,บ.วิลล์คอน เมเนจเม็นท์ (Villecon) (ยังไม่ได้จ่ายเงิน)
1203,บ.วิลล์คอน เมเนจเม็นท์ จำกัด
1204,บ.วิลล์คอน เมเนจเม็นท์(Villecon)
1205,บ.วิลล์คอน(Villecon)
1206,บ.วี เค โปร (VK Pro )
1207,บ.วี.วี. พร๊อพเพอร์ตี้ กรุ๊ป
1208,บ.วีไอพี คอนโดมิเนียม (VIP Condominium)
1209,บ.สกายไนน์
1210,บ.สมาร์ท เซอร์วิส แอนด์ แมเนจเม้นท์ (Smart Service)
1211,บ.สยามโอเรียนทัล เซอร์วิส แอนด์ เมนเนจเม้นท์
1212,บ.สยามโอเรียนทัล เซอร์วิส แอนด์ เมนเนจเม้นท์ (SIAM ORIENTAL SERVICE )
1213,บ.สาครเคเบิล จำกัด
1214,บ.สิงห์ พร็อพเพอร์ตี้ ดีเวลลอปเม้นท์
1215,บ.สิริน พร็อพเพอร์ตี้ เมเนจเม้นท์ (Mega เมกะฯ บริหาร)
1216,บ.ออฟฟิสเซอร์ โฮลดิ้งส์
1217,บ.ออมนิ แมนเนจเม้นท์
1218,บ.ออลล์ อินสไปร์ ดีเวลลอปเม้นท์
1219,บ.ออลล์ไรส์ พร็อพเพอร์ตี้ แมเนจเม้นท์(All Rise Mega)
1220,บ.อัลเทอร์เนทีฟ แอสเซท
1221,บ.อาร์เอสจี แบง พร็อพเพอร์ตี้ แมเนจเม้นท์ (RSG)
1222,บ.อาร์เอสจี แบง พร็อพเพอร์ตี้ แมเนจเม้นท์ (RSG)(บริหาร)
1223,บ.อาร์เอสจี แบง พร็อพเพอร์ตี้ แมเนจเม้นท์ RSG
1224,บ.อาร์เอสจี แบง พร็อพเพอร์ตี้ แมเนจเม้นท์(RSG)
1225,บ.อารียา แมนเนจเม้นต์
1226,บริษัท เดอะ วัน แมเนจเม้นท์ จำกัด
1227,บริษัท เมโทร พรอพเพอร์ตี้ แมเนจเม้นท์ จำกัด
1228,บริษัท เอ.ซี. พร็อพเพอร์ตี้ กรุ๊ป จำกัด
1229,บริษัท เอ็นทรัส พร๊อพเพอร์ตี้
1230,บริษัท โมเดอร์น พร็อพเพอร์ตี้ แมเนจเมนท์ จำกัด
1231,บริษัท ไทย แอซเซ็ท พร็อพเพอร์ตี้ แอนด์ เจ.พี
1232,บริษัท ไอคิว แมเนจเม้นท์ จำกัด
1233,บริษัท บอสเซอร์วิส จำกัด
1234,บริษัท พีเคเค พร็อพเพอร์ตี้ แมเนจเม้นท์ (PKK)
1235,บริษัท รีเจ้นท์ กรีน เพาเวอร์
1236,บริษัท อาร์เอสจี แบง พร็อพเพอร์ตี้ แมเนจเม้นท์ RSG
1237,บริษัท อินทัช พร็อพเพอร์ตี้ แมเนจเม้นท์ จำกัด
1238,บ้านชมดาว
1239,พร็อพเพอร์ตี้ แอนด์ ไลฟ์ แมเนจเม้นท์
1240,พร็อพเพอร์ตี้ แอนด์ ไลฟ์ แมเนจเม้นท์(PLM)
1241,พี.เอ.เอ็น เรียลเอสเตท แมนเนจเม้นท์
1242,ยูนิตี้
1243,ยูนิตี้ กรุ๊ป
1244,ยูนิตี้ กรุ๊ป (Unity)
1245,ยูนิตี้ กรุ๊ป(Unity
1246,ยูนิตี้ กรุ๊ป(Unity)
1247,ยูนิตี้(Unity)
1248,ยูนิตี้)(Unity
1249,ลีฟ อัลติเมท แวลูส์
1250,ลีฟ อัลติเมท แวลูส์(Live Ultimate Values)
1251,วิลล์คอน เมเนจเม็นท์ (Villecon)
1252,ศุภาลัย คาซาริวา
1253,ส.วัฒนา
1254,ส่งใบแจ้งหนี้แล้ว
1255,สยามโอเรียลทัล เซอร์วิสฯ(SIAM ORIENTAL SERVICE)
1256,สินธรณี พร็อพเพอร์ตี้
1257,หจก.ไทยพีพี
1258,หจก.ที.เอ.บี เอสเตท แมนเนจเม้นท์
1259,ห้างหุ้นส่วน ไทย พี พี จำกัด
1260,ออลล์ไรส์ พร็อพเพอร์ตี้ (All Rise)
1261,อัลติจูด ดีเวลลอปเม้นท์ (Altitude Development)
1262,อาร์เอสจี แบง พร็อพเพอร์ตี้ แมเนจเม้นท์ (RSG
1263,อินสไปร์ แมเนจเม้นท์ (Inspire Management)
