phone1_id,phone1,new_phone1_id
1,(02-574-0166),1
8,27148942,2
9,20466392,4
10,022855438-43ต่อ2002คุณหญิง,5
11,02391-8580,6
12,024384411-2(นิติฯ),9
13,02-000-0037,10
14,02-000-0090(นิติฯ),11
15,02-000-0090,11
16,02-000-0923(นิติฯ),12
17,02-000-1355(นิติฯ),NULL
18,02-000-2157(นิติ),NULL
19,02-000-2157(นิติฯ),NULL
20,02-000-3348,NULL
21,02-000-3348(นิติฯ),NULL
22,02-000-3348,NULL
23,02-000-5161,NULL
24,02-001-0504,NULL
25,02-0015868,NULL
26,02-001-5868,NULL
27,02-002-7101(นิติฯ),NULL
28,02-002-8745(นิติฯ),NULL
29,02-002-8745(นิติฯ),NULL
30,02-002-9266,NULL
31,02-002-9266#106(บริษัท),NULL
32,02-002-9266(บริษัท),NULL
33,02-002-9266(บริษัท),NULL
34,02-002-9266,NULL
35,02-002-9266-7,NULL
36,02-002-9266-8(บริษัท),NULL
37,02-004-3030(นิติฯ),NULL
38,02-004-4586(นิติฯ),NULL
39,02-004-4586,NULL
40,02-004-7790,NULL
41,02-004-8461,NULL
42,02-005-1313,NULL
43,02-005-1313(นิติฯ),NULL
44,02-005-1558,NULL
45,02-005-7700,NULL
46,02-005-7700(นิติฯ),NULL
47,02-005-7700(นิติฯ),NULL
48,02-005-770002-005-7711,NULL
49,02-005-771102-005-7700,NULL
50,02-006-3800(นิติฯ),NULL
51,02-006-4933,NULL
52,02-006-6413,NULL
53,02-006-9006,NULL
54,02-006-9006(นิติฯ),NULL
55,02-006-9564,NULL
56,02-007-3121,NULL
57,02-007-3121คุณดาวคุณมะปราง,NULL
58,02-007-3121(นิติฯ),NULL
59,02-007-4588,NULL
60,02-007-7075(นิติฯ),NULL
61,02-009-2544(บริษัท),NULL
62,02-012-1588(นิติฯ),NULL
63,02-012-1602(นิติฯ),NULL
64,02-012-6863,NULL
65,02-012-6863(บริษัท),NULL
66,02-012-6863(บริษัท),NULL
67,02-012-6863,NULL
68,02-012-6863-4,NULL
69,02-012-6863-4(บริษัท),NULL
70,02-012-6863-4(บริษัท),NULL
71,02-012-6863-4(บริษัท)02-069-7098(นิติฯ),NULL
72,02-012-6863-4(บริษัท),NULL
73,02-012-6863-4,NULL
74,02-012-6864,NULL
75,02-012-7424,NULL
76,02-012-7424(บริษัท),NULL
77,02-012-7424,NULL
78,02-012-7424-5,NULL
79,02-013-0944,NULL
80,02-013-0944(นิติฯ),NULL
81,02-015-2436,NULL
82,02-015-2436(นิติฯ),NULL
83,02-015-7643,NULL
84,02-017-9135,NULL
85,02-019-1487,NULL
86,02-019-5535,NULL
87,02-019-7136(นิติฯ),NULL
88,02-020-8465,NULL
89,02-020-8465(นิติฯ),NULL
90,02-023-2000,NULL
91,02-023-2000(นิติฯ),NULL
92,02-023-2312(บริษัท),NULL
93,02-023-2312(บริษัท),NULL
94,02-023-2312(บริษัท),NULL
95,02-023-2891,NULL
96,02-023-2891(นิติฯ),NULL
97,02-023-2892#129(บริษัท),NULL
98,02-023-4706,NULL
99,02-023-5461,NULL
100,02-023-6878,NULL
101,02-023-6878(นิติฯ),NULL
102,02-023-6878(นิติฯ),NULL
103,02-023-7329,NULL
104,02-024572902-4539643,NULL
105,02-024-6831(นิติฯ),NULL
106,02-024-7652,NULL
107,02-026-0989#932(บริษัท),NULL
108,02-026-0989#933(บริษัท),NULL
109,02-026-0989#933(บริษัท),NULL
110,02-026-0989#934(บริษัท),NULL
111,02-026-6537,NULL
112,02-026-6537(บริษัท),NULL
113,02-028-8696,NULL
114,02-028-8696#12(บริษัท),NULL
115,02-028-9955(บริษัท),NULL
116,02-028-9999#3327(บริษัท),NULL
117,02-028-9999ต่อ3327(บริษัท),NULL
118,02-028-9999#3327,NULL
119,02-029-9988(บริษัท),NULL
120,02-033-1811(เบอร์หน่วยงานโนเบิลรีวอล์ฟรัชดา),NULL
121,02-033-1811(นิติฯ),NULL
122,02-033-1812(นิติฯ),NULL
123,02-034-0962,NULL
124,02-034-0962(นิติฯ),NULL
125,02-034-3421,NULL
126,02-035-4788,NULL
127,02-035-4788,NULL
128,02-039-4649,NULL
129,02-039-4649#502(นิติฯ),NULL
130,02-039-4649#502,NULL
131,02-039-4649#502,NULL
132,02-039-4649(นิติฯ),NULL
133,02-039-8980(นิติฯ),NULL
134,02-041-9561,NULL
135,02-041-9561(นิติฯ),NULL
136,02-041-9561,NULL
137,02-042-9880,NULL
138,02-043-2181(นิติฯ),NULL
139,02-044-4433(นิติฯ),NULL
140,02-044-4433(นิติฯ),NULL
141,02-044-5283,NULL
142,02-044-8384,NULL
143,02-044-8384(นิติฯ),NULL
144,02-045-1285,NULL
145,02-045-1285(นิติฯ),NULL
146,02-045-1285,NULL
147,02-045-1285,NULL
148,02-045-3330,NULL
149,02-045-3330(นิติฯ),NULL
150,02-045-3330,NULL
151,02-045-8858,NULL
152,02-048-4225(นิติฯ),NULL
153,02-050-1818,NULL
154,02-050-5199(นิติฯ),NULL
155,02-050-9788(นิติฯ),NULL
156,02-051-0909,NULL
157,02-051-9900#107(นิติฯ),NULL
158,02-051-9900(นิติฯ),NULL
159,02-051-9900-3,NULL
160,02-052-8399,NULL
161,02-052-8399(นิติฯ),NULL
162,02-052-8885,NULL
163,02-052-9997,NULL
164,02-052-9997(คุณบี),NULL
165,02-052-9997(นิติฯ),NULL
166,02-053-2008,NULL
167,02-053-2008#103(นิติฯ),NULL
168,02-053-2008#103,NULL
169,02-053-2008#101,NULL
170,02-053-2008#103,NULL
171,02-053-2008#104,NULL
172,02-053-2008(นิติฯ),NULL
173,02-053-2008,NULL
174,02-053-2008-9#103(นิติฯ),NULL
175,02-053-2008-9#103,NULL
176,02-053-2008-9#101,NULL
177,02-053-2008-9#103,NULL
178,02-053-2008-9#103,NULL
179,02-053-9960,NULL
180,02-054-1887,NULL
181,02-054-1888,NULL
182,02-056-1023,NULL
183,02-060-3015(นิติฯ),NULL
184,02-061-2916,NULL
185,02-061-2916(นิติ),NULL
186,02-061-2916(นิติฯ),NULL
187,02-062-1414#8885(นิติฯ),NULL
188,02-062-1414#8823(นิติฯ),NULL
189,02-062-1414(นิติฯ),NULL
190,02-062-1414(นิติฯ),NULL
191,02-063-0102,NULL
192,02-063-3546(นิติฯ),NULL
193,02-064-0184(โทร.เบอร์นี้ก่อน)02-736-7674,NULL
194,02-064-0184(นิติฯ),NULL
195,02-064-0184,NULL
196,02-064-1309,NULL
197,02-064-1309(นิติฯ),NULL
198,02-064-1347,NULL
199,02-066-0141,NULL
200,02-066-5855,NULL
201,02-066-6413(นิติฯ),NULL
202,02-068-8899,NULL
203,02-068-8899(บริษัท),NULL
204,02-069-6936,NULL
205,02-069-6936(นิติฯ),NULL
206,02-069-6936,NULL
207,02-075-8989,NULL
208,02-075-8989(นิติฯ),NULL
209,02-076-1232#2324,NULL
210,02-076-1232#2324,NULL
211,02-076-1232(บริษัท),NULL
212,02-077-8425,NULL
213,02-077-8425(บริษัท),NULL
214,02-080-2759(นิติฯ),NULL
215,02-083-8300,NULL
216,02-087-1589,NULL
217,02-087-1589(นิติฯ),NULL
218,02-090-2233,NULL
219,02-090-2541,NULL
220,02-090-2541(นิติฯ),NULL
221,02-090-2541(นิติฯ)เก่า,NULL
222,02-096-1923,NULL
223,02-100-4857,NULL
224,02-100-4857(นิติฯ),NULL
225,02-100-4857#099(นิติฯ),NULL
226,02-100-4857(นิติฯ),NULL
227,02-101-0115,NULL
228,02-101-1825,NULL
229,02-101-1825(นิติ2),NULL
230,02-101-1825(นิติฯ2),NULL
231,02-101-1851,NULL
232,02-101-1851(นิติ),NULL
233,02-101-1851(นิติ1)02-101-1825(นิติ2),NULL
234,02-101-1851(นิติฯ),NULL
235,02-101-1851(นิติฯ1),NULL
236,02-101-2107,NULL
237,02-101-2107(นิติฯ),NULL
238,02-101-2107,NULL
239,02-101-4275(นิติฯ),NULL
240,02-101-5249,NULL
241,02-101-5249(นิติฯ),NULL
242,02-101-5249,NULL
243,02-101-5289,NULL
244,02-101-5289(นิติฯ),NULL
245,02-101-5419,NULL
246,02-101-5419(นิติฯ),NULL
247,02-101-5495,NULL
248,02-101-5510(นิติฯ),NULL
249,02-101-5671,NULL
250,02-101-5671(นิติฯ),NULL
251,02-101-5671(นิติฯ),NULL
252,02-101-5671,NULL
253,02-101-6972,NULL
254,02-101-6972(นิติฯ),NULL
255,02-101-9864,NULL
256,02-101-9864(นิติฯ),NULL
257,02-102-1600(นิติฯ),NULL
258,02-102-2078,NULL
259,02-102-2078(นิติฯ),NULL
260,02-102-3688,NULL
261,02-102-5489,NULL
262,02-102-5489(นิติฯ),NULL
263,02-102-5955(นิติฯ),NULL
264,02-102-7622(นิติฯ)ติดต่อเบอร์นี้ก่อน,NULL
265,02-106-2328,NULL
266,02-106-2328(นิติฯ),NULL
267,02-106-2328(นิติฯ),NULL
268,02-106-2657,NULL
269,02-106-3087(นิติฯ),NULL
270,02-107-0761(นิติฯ),NULL
271,02-108-0079(บริษัท),NULL
272,02-108-4040ต่อ1801,NULL
273,02-108-5251,NULL
274,02-108-5251(เบอร์TuffService),NULL
275,02-108-5251คุณหญิง,NULL
276,02-108-5251(บริษัท),NULL
277,02-108-5251(บริษัท),NULL
278,02-108-5251(บริษัท),NULL
279,02-108-5251(บริษัท)บัญชีส่วนกลาง(คุณตี๋),NULL
280,02-108-6866(นิติฯ),NULL
281,02-108-7088(นิติฯ),NULL
282,02-108-7577,NULL
283,02-108-757702-115-0770,NULL
284,02-110-0201,NULL
285,02-111-0666,NULL
286,02-111-2000#101,NULL
287,02-111-2000#101(บริษัท),NULL
288,02-111-2000#101,NULL
289,02-111-2222,NULL
290,02-111-2233,NULL
291,02-115-0110,NULL
292,02-115-0110(นิติฯ),NULL
293,02-115-1719,NULL
294,02-115-1944(นิติฯ),NULL
295,02-115-2992,NULL
296,02-115-2992(นิติฯ),NULL
297,02-115-5844,NULL
298,02-115-8215(นิติฯ),NULL
299,02-115-8215,NULL
300,02-115-8544,NULL
301,02-116-0539,NULL
302,02-116-0539(นิติฯ),NULL
303,02-116-0606,NULL
304,02-116-0606#0(นิติฯ),NULL
305,02-116-0606(นิติฯ),NULL
306,02-116-0997(นิติฯ),NULL
307,02-116-5306,NULL
308,02-116-6111,NULL
309,02-116-6111#406,NULL
310,02-116-6111ต่อ403062-879-6388,NULL
311,02-116-6111ต่อ403062-879-6388,NULL
312,02-116-6111#406,NULL
313,02-116-6111#406,NULL
314,02-116-6663,NULL
315,02-116-8066-9ต่อ1010-1015,NULL
316,02-116-8932,NULL
317,02-116-8932(นิติฯ),NULL
318,02-116-9032(นิติฯ),NULL
319,02-117-1125#2(บริษัท),NULL
320,02-117-1241,NULL
321,02-117-1242,NULL
322,02-117-1242(นิติฯ),NULL
323,02-117-2285(นิติ),NULL
324,02-117-2381,NULL
325,02-117-2381(นิติฯ),NULL
326,02-117-2571(นิติฯ),NULL
327,02-117-2571(นิติฯ),NULL
328,02-117-3644(นิติฯ),NULL
329,02-117-9305(นิติฯ),NULL
330,02-117-9495,NULL
331,02-117-9495(นิติฯ),NULL
332,02-117-9495,NULL
333,02-118-3573(นิติฯ),NULL
334,02-118-6162,NULL
335,02-118-6162(นิติฯ),NULL
336,02-119-1667,NULL
337,02-119-7692,NULL
338,02-119-7692(นิติฯ),NULL
339,02-121-4616(บริษัท),NULL
340,02-125-2862(นิติฯ),NULL
341,02-125-7932(นิติฯ),NULL
342,02-126-6667,NULL
343,02-126-7953,NULL
344,02-130-1138(นิติฯ),NULL
345,02-130-1412,NULL
346,02-130-2611(นิติฯ),NULL
347,02-130-2611(นิติฯ),NULL
348,02-130-2611(นิติฯ),NULL
349,02-130-5039,NULL
350,02-130-5039(นิติฯ),NULL
351,02-130-5750,NULL
352,02-130-5750(นิติฯ),NULL
353,02-130-7589,NULL
354,02-130-7690(นิติฯ),NULL
355,02-130-7846คุณเอ,NULL
356,02-130-7846(นิติฯ),NULL
357,02-134-6171(บริษัท),NULL
358,02-134-6588(บริษัท),NULL
359,0-2136-2546(นิติฯ),NULL
360,02-136-3957,NULL
361,02-136-3957(นิติฯ),NULL
362,02-136-4088(นิติฯ),NULL
363,02-136-4238,NULL
364,02-136-4238(นิติฯ),NULL
365,02-136-4359(นิติฯ),NULL
366,02-136-6334,NULL
367,02-136-6566,NULL
368,02-136-7683,NULL
369,02-138-3499,NULL
370,02-138-3499(นิติฯ),NULL
371,02-138-3583,NULL
372,02-138-4700,NULL
373,02-138-4700(นิติฯ),NULL
374,02-138-5050-1,NULL
375,02-138-5401,NULL
376,02-138-5401(นิติฯ),NULL
377,02-138-5401,NULL
378,02-138-7930,NULL
379,02-138-8991-3,NULL
380,02-138-8991-3#314,NULL
381,02-140-0123(นิติฯ),NULL
382,02-147-0993,NULL
383,02-147-0993(นิติฯ),NULL
384,02-147-1096(นิติฯ),NULL
385,02-147-1693,NULL
386,02-147-5110(นิติฯ),NULL
387,02-148-8014,NULL
388,02-148-8434กด0,NULL
389,02-148-8434ต่อ0,NULL
390,02-149-0949(นิติฯ),NULL
391,02-149-3000,NULL
392,02-149-3001(นิติฯ),NULL
393,02-149-9317(นิติฯ),NULL
394,02-150-3222,NULL
395,02-150-3222(นิติฯ),NULL
396,02-150-4424,NULL
397,02-150-4424(นิติฯ),NULL
398,02-150-4424,NULL
399,02-152-7851(นิติฯ),NULL
400,02-156-3231,NULL
401,02-156-3231(นิติฯ),NULL
402,02-156-5545,NULL
403,02-156-5633(นิติฯ),NULL
404,02-156-7314,NULL
405,02-156-7314(นิติฯ),NULL
406,02-156-9860(นิติฯ),NULL
407,02-157-0745,NULL
408,02-157-0745(นิติฯ),NULL
409,02-157-1529,NULL
410,02-157-1778-80,NULL
411,02-158-6380,NULL
412,02-158-6380(นิติฯ),NULL
413,02-158-6384,NULL
414,02-158-6384,NULL
415,02-158-6480,NULL
416,02-158-8586,NULL
417,02-160-6000,NULL
418,02-160-6000#107(PPM),NULL
419,02-160-6000(นิติฯ),NULL
420,02-160-600002-160-6003(นิติฯ),NULL
421,02-160-6000(นิติฯ),NULL
422,02-160-6000(นิติฯ)02-160-6003(นิติฯ),NULL
423,02-160-6003(นิติฯ),NULL
424,02-160-600302-160-6000,NULL
425,02-160-6653,NULL
426,02-160-9400#2006,NULL
427,02-160-9797,NULL
428,02-163-3344,NULL
429,02-163-4111,7
430,02-163-4111(นิติฯ),7
431,02-163-4111,7
432,02-163-4327,NULL
433,02-165-0502,NULL
434,02-167-2000(นิติฯ),NULL
435,02-167-5112(นิติฯ),NULL
436,02-168-0001-3,NULL
437,02-168-0002,NULL
438,02-168-1151(นิติฯ),NULL
439,02-168-6000#2006,NULL
440,02-168-6000#2006(นิติฯ),NULL
441,02-168-6000-1,NULL
442,02-1686000ต่อ2006,NULL
443,02-169-1591,NULL
444,02-169-1591-2,NULL
445,02-169-1591-2กด0,NULL
446,02-169-1591-2กด0(นิติฯ),NULL
447,02-169-1591-2กด0,NULL
448,02-169-1591-2กด0(นิติ),NULL
449,02-169-1591-2ต่อ2104(นิติฯ),NULL
450,02-169-1591-2(นิติ),NULL
451,02-169-2238#100,NULL
452,02-169-2238(นิติฯ),NULL
453,02-169-2238(นิติฯ),NULL
454,02-169-9401,NULL
455,02-169-9700(นิติฯ),NULL
456,02-170-7689,NULL
457,02-1708888,NULL
458,02-171-0828,NULL
459,02-171-1024(นิติฯ),NULL
460,02-171-1735,NULL
461,02-171-1735(นิติ),NULL
462,02-171-1735(นิติฯ),NULL
463,02-1714956,NULL
464,02-171-4956,NULL
465,02-171-7701,NULL
466,02-1717782,NULL
467,02-171-7782,NULL
468,02-173-0001-3#1105,NULL
469,02-173-9671,NULL
470,02-173-9671(นิติฯ),NULL
471,02-174-0195(นิติฯ),NULL
472,02-174-0844,NULL
473,02-174-0844(นิติฯ),NULL
474,02-174-0866(นิติฯ),NULL
475,02-174-4408(นิติฯ),NULL
476,02-174-5386,NULL
477,02-175-0600(นิติฯ),NULL
478,02-175-4804,NULL
479,02-175-4804(นิติฯ),NULL
480,02-175-5779,NULL
481,02-175-5779,NULL
482,02-178-0601,NULL
483,02-178-0601(นิติฯ),NULL
484,02-178-0601(นิติฯ),NULL
485,02-178-0601(นิติฯ),NULL
486,02-178-060102-178-0602(นิติฯ),NULL
487,02-178-0601-2,NULL
488,02-178-0601-2(นิติฯ),NULL
489,02-178-0602(นิติฯ),NULL
490,02-178-1112,NULL
491,02-178-1873(นิติฯ),NULL
492,02-178-4169,NULL
493,02-178-4169(นิติฯ),NULL
494,02-178-4169,NULL
495,02-178-5983,NULL
496,02-178-7027(นิติฯ),NULL
497,02-178-7288,NULL
498,02-178-7288(ระบบใช้บริการไม่ได้),NULL
499,02-178-7465,NULL
500,02-1788286,NULL
501,02-178-8286,NULL
502,02-178-8286(นิติฯ),NULL
503,02-178-8286,NULL
504,02-178-8287,NULL
505,02-178-8287(นิติฯ),NULL
506,02-181-5111,NULL
507,02-181-5111,NULL
508,02-183-6104(นิติ),NULL
509,02-183-6692,NULL
510,02-184-1456,NULL
511,02-184-1456(นิติฯ),NULL
512,02-184-1456,NULL
513,02-184-1456(นิติฯ),NULL
514,02-184-1754,NULL
515,02-184-4924,NULL
516,02-184-4924(นิติฯ),NULL
517,02-184-6118,NULL
518,02-184-6118(นิติฯ),NULL
519,02-184-6697,NULL
520,02-184-6697(นิติฯ),NULL
521,02-184-6697,NULL
522,02-185-3671#8000,NULL
523,02-185-3671#8001,NULL
524,02-185-3671#8001(นิติฯ),NULL
525,02-185-3671#8001,NULL
526,02-185-3671(นิติฯ),NULL
527,02-185-3671-6#8001,NULL
528,02-185-3671-6#8001,NULL
529,02-185-3671-6ต่อ8001(นิติฯ),NULL
530,02-185-3671-6#8000,NULL
531,02-185-3671-6#8001,NULL
532,02-186-1661,NULL
533,02-186-1661(นิติฯ),NULL
534,02-1861667,NULL
535,02-186-4310(นิติฯ),NULL
536,02-186-4310,NULL
537,02-186-4555(นิติ),NULL
538,02-186-6730,NULL
539,02-186-6732(นิติฯ),NULL
540,02-187-0977,NULL
541,02-187-2935,NULL
542,02-187-3714,NULL
543,02-187-3714(นิติฯ),NULL
544,02-1873722,NULL
545,02-187-3912,NULL
546,02-190-0025(บริษัท),NULL
547,02-190-0115,NULL
548,02-190-0115(นิติฯ),NULL
549,02-190-0122,NULL
550,02-190-0122(นิติ),NULL
551,02-190-0124(นิติฯ),NULL
552,02-190-0217,NULL
553,02-190-0904,NULL
554,02-190-0904,NULL
555,02-190-2020,NULL
556,02-190-3663(นิติฯ),NULL
557,02-190-4249,NULL
558,02-190-4422(นิติฯ),NULL
559,02-190-8531,NULL
560,02-191-5377,NULL
561,02-191-5377,NULL
562,02-191-6595,NULL
563,02-191-9845(นิติฯ),NULL
564,02-192-0404,NULL
565,02-192-0404(นิติฯ),NULL
566,02-1921083,NULL
567,02-192-4601,NULL
568,02-192-5308(นิติฯ),NULL
569,02-192-6694,NULL
570,02-192-6694(นิติฯ),NULL
571,02-193-1217,NULL
572,02-193-1217(นิติฯ),NULL
573,02-193-3763,NULL
574,02-193-3763(นิติฯ),NULL
575,02-194-1403,NULL
576,02-194-4627,NULL
577,02-194-9358,NULL
578,02-194-9358(นิติฯ),NULL
579,02-194-9358,NULL
580,02-195-0085,NULL
581,02-195-4116,NULL
582,02-195-8686,NULL
583,02-195-8686(นิติฯ),NULL
584,02-196-2501,NULL
585,02-196-2726,NULL
586,02-196-2726-7,NULL
587,02-196-2726-7,NULL
588,02-196-8541(นิติฯ),NULL
589,02-197-4556,NULL
590,02-197-4556(นิติฯ),NULL
591,02-197-7555(นิติฯ),NULL
592,02-197-8771,NULL
593,02-199-4022,NULL
594,02-200-9999(Dusit),NULL
595,02-203-0677,NULL
596,02-203-0677(นิติฯ),NULL
597,02-203-0677,NULL
598,02-204-1077(IRM),NULL
599,02-204-1077ต่อ404(IRM),NULL
600,02-204-1077ต่อ505(IRM),NULL
601,02-204-1077ต่อ505(IRM),NULL
602,02-204-1077ต่อ604(บริษัทIRM),NULL
603,02-204-1077ต่อ704,NULL
604,02-204-1077ต่อ800,NULL
605,02-204-1077(IRM),NULL
606,02-204-1077(IRM),NULL
607,02-2041077-82,NULL
608,02-204-1077-82,NULL
609,02-204-1077-82(IRM),NULL
610,02-204-1077-8202-2041077ต่อ702,NULL
611,02-204-1077-8202-204-1077ต่อ702,NULL
612,02-204-1077-82,NULL
613,02-207-3742,NULL
614,02-207-3742(บริษัท),NULL
615,02-208-0523,NULL
616,02-208-0532(นิติฯ),NULL
617,02-212-0347,NULL
618,02-213-1748,NULL
619,02-213-1748(นิติฯ),NULL
620,02-214-2844(บริษัท),NULL
621,02-216-1605(นิติฯ),NULL
622,02-216-1605-6,NULL
623,02-216-1605-6(นิติฯ),NULL
624,02-216-1605-6,NULL
625,02-216-2375,NULL
626,02-216-9855,NULL
627,02-228-3894,NULL
628,02-229-4843-4,NULL
629,02-229-4844(นิติฯ),NULL
630,02-231-5800#213,NULL
631,02-231-6141(นิติฯ),NULL
632,02-233-0206,NULL
633,02-233-0206#101(นิติ),NULL
634,02-233-5456,NULL
635,02-233-5456(นิติฯ),NULL
636,02-233-5456,NULL
637,02-233-8387(นิติฯ),NULL
638,02-234-7025,NULL
639,02-234-7026,NULL
640,02-236-5821(บริษัท),NULL
641,02-237-1866,NULL
642,02-237-2552ต่อ3010-3012(นิติฯ),NULL
643,02-237-8817,NULL
644,02-237-8817(นิติฯ),NULL
645,02-237-8817,NULL
646,02-238-1129,NULL
647,02-238-1300#13(นิติฯ),NULL
648,02-238-1300(นิติฯ),NULL
649,02-238-1300ต่อ13(นิติฯ),NULL
650,02-238-1300ต่อ25(นิติฯ),NULL
651,02-238-1300-2(นิติฯ),NULL
652,02-238-1315(นิติฯ),NULL
653,02-238-1315(PPM)02-260-6000#107(คุณมะเหมี่ยว),NULL
654,02-238-3894(นิติฯ),NULL
655,02-238-5886,NULL
656,02-238-5886(นิติฯ),NULL
657,02-238-5886,NULL
658,02-238-6580(นิติฯ),NULL
659,02-240-2477,NULL
660,02-240-2477(นิติฯ),NULL
661,02-240-2477,NULL
662,02-241-0341,NULL
663,02-241-0341(นิติฯ),NULL
664,02-241-0341(นิติฯ),NULL
665,02-241-0341(นิติฯ),NULL
666,02-242-1783(นิติฯ),NULL
667,02-243-761202-243-7644,NULL
668,02-243-7644,NULL
669,02-243-764402-243-7612,NULL
670,02-243-7644,NULL
671,02-245-2244,NULL
672,02-245-2244(นิติฯ),NULL
673,02-245-2244,NULL
674,02-245-4418(นิติฯ),NULL
675,02-246-2341,NULL
676,02-246-2341กด13(นิติฯ),NULL
677,02-246-2341(นิติฯ),NULL
678,02-246-4441,NULL
679,02-2464611,NULL
680,02-246-4611,NULL
681,02-246-5275,NULL
682,02-247-0180#11,NULL
683,02-247-0180#11,NULL
684,02-247-7227(นิติ),NULL
685,02-247-7272(นิติ),NULL
686,02-247-7586-7,NULL
687,02-247-7586-7(บริษัท),NULL
688,02-247-7586-7(บริษัท),NULL
689,02-247-9847(นิติฯ),NULL
690,02-248-0986,NULL
691,02-248-2451(นิติฯ),NULL
692,02-248-8299,NULL
693,02-249-0099,NULL
694,02-249-2361,NULL
695,02-249-2361(บริษัท),NULL
696,02-249-3440(นิติฯ),NULL
697,02-249-5522,NULL
698,02-249-5522,NULL
699,02-249-8609,NULL
700,02-249-8609(นิติฯ),NULL
701,02-249-8849,NULL
702,02-249-8849(นิติฯ),NULL
703,02-249-8849(นิติฯ),NULL
704,02-250-1001#402,NULL
705,02-250-1001,NULL
706,02-250-1001-3(นิติฯ),NULL
707,02-250-1001-3,NULL
708,02-250-7764,NULL
709,02-250-7802-3#303(นิติฯ),NULL
710,02-252-1420,NULL
711,02-252-1684,NULL
712,02-252-1684กด17,NULL
713,02-252-1684กด17(บริษัท),NULL
714,02-252-1684(บริษัท),NULL
715,02-252-2703-4-5#224,NULL
716,02-252-3845,NULL
717,02-252-4700,NULL
718,02-252-6126,NULL
719,02-252-6126(นิติฯ),NULL
720,02-252-676702-252-2703-4-5#224222,NULL
721,02-252-676702-252-2703-4-5#224222,NULL
722,02-252-7242,NULL
723,02-252-7242,NULL
724,02-252-7242กด0,NULL
725,02-252-7242กด0,NULL
726,02-254-0731(นิติฯ),NULL
727,02-254-0731กด0(นิติฯ),NULL
728,02-254-4405,NULL
729,02-254-4405(นิติฯ),NULL
730,02-254-4405,NULL
731,02-254-5945,NULL
732,02-254-6032(นิติฯ),NULL
733,02-254-7125-6(บริษัท),NULL
734,02-254-7200(นิติฯ),NULL
735,02-254-7200-2(นิติฯ),NULL
736,02-254-7200-8,NULL
737,02-254-7200-8#01,NULL
738,02-2554482,NULL
739,02-255-5076(นิติฯ),NULL
740,02-255-7406ถึง7(นิติฯ),NULL
741,02-255-7406-7,NULL
742,02-255-7406-7(นิติฯ),NULL
743,02-255-7407(นิติฯ),NULL
744,02-255-9337,NULL
745,02-258-0060#213(บริษัท),NULL
746,02-258-0060#163(บริษัท),NULL
747,02-258-0060#305,NULL
748,02-258-3330,NULL
749,0-2258-3330,NULL
750,02-258-3344ต่อ112,NULL
751,02-258-3428,NULL
752,02-258-3500ต่อ30121162(นิติฯ),NULL
753,02-258-3500ต่อ30123013,NULL
754,02-258-4318,NULL
755,02-258-4458,NULL
756,02-258-4468#784,NULL
757,02-258-5801(นิติฯ),NULL
758,02-258-5801,NULL
759,02-258-5801-2,NULL
760,02-258-5801-2(นิติฯ),NULL
761,02-258-5872#12(บริษัท),NULL
762,02-258-6821-4#104(นิติฯ),NULL
763,02-258-7010-12(นิติฯ),NULL
764,02-258-7130#14(บริษัท),NULL
765,02-258-7130ext.25(บริษัท)),NULL
766,02-258-865302-713-5544(นิติฯ),NULL
767,02-259-0693,NULL
768,02-259-1122,NULL
769,02-259-1122#5113,NULL
770,02-259-112202-259-5118(นิติฯ)02-260-6000#502(PPM),NULL
771,02-259-3222,NULL
772,02-259-3222,NULL
773,02-259-3222,NULL
774,02-259-3222-7,NULL
775,02-259-3300,NULL
776,02-259-3300(นิติ),NULL
777,02-259-3300(นิติฯ),NULL
778,02-259-6002(นิติ),NULL
779,02-259-7147-8,NULL
780,02-259-8300#40102-259-8312,NULL
781,02-259-8300(นิติฯ),NULL
782,02-259-8312,NULL
783,02-259-8911#402,NULL
784,02-259-8911#402,NULL
785,02-259-9460(นิติฯ),NULL
786,02-259-9941-3(นิติฯ),NULL
787,02-260-1791-4(นิติฯ),NULL
788,02-260-2501-2,NULL
789,02-260-3620-1(นิติฯ),NULL
790,02-260-4110(นิติฯ),NULL
791,02-260-4488,NULL
792,02-260-4488(นิติฯ),NULL
793,02-260-6000,NULL
794,02-260-6000#101,NULL
795,02-260-6000#101(PPM),NULL
796,02-260-6000#101,NULL
797,02-260-6000#102(PPM),NULL
798,02-260-6000#102,NULL
799,02-260-6000#102,NULL
800,02-260-6000#103(PPM),NULL
801,02-260-6000#103,NULL
802,02-260-6000#103,NULL
803,02-260-6000#104(PPM),NULL
804,02-260-6000#104,NULL
805,02-260-6000#104(บริษัท),NULL
806,02-260-6000#104,NULL
807,02-260-6000#105,NULL
808,02-260-6000#105(PPM),NULL
809,02-260-6000#105,NULL
810,02-260-6000#105,NULL
811,02-260-6000#106,NULL
812,02-260-6000#106(PPM),NULL
813,02-260-6000#106(บริษัท),NULL
814,02-260-6000#106,NULL
815,02-260-6000#107(PPM),NULL
816,02-260-6000#107(PPM),NULL
817,02-260-6000#107,NULL
818,02-260-6000#108,NULL
819,02-260-6000#303,NULL
820,02-260-6000#502,NULL
821,02-260-6000#502(PPM)02-262-1100-9ต่อ3104(นิติฯ),NULL
822,02-260-6000#502(PPM)02-617-0512(นิติฯ),NULL
823,02-260-6000#101,NULL
824,02-260-6000#101,NULL
825,02-260-6000#101(PPM),NULL
826,02-260-6000#101,NULL
827,02-260-6000#101-114(PPM),NULL
828,02-260-6000#102,NULL
829,02-260-6000#102(PPM),NULL
830,02-260-6000#102,NULL
831,02-260-6000#104,NULL
832,02-260-6000#104,NULL
833,02-260-6000#104,NULL
834,02-260-6000#104-110,NULL
835,02-260-6000#106,NULL
836,02-260-6000#106,NULL
837,02-260-6000#107,NULL
838,02-260-6000#107(PPM),NULL
839,02-260-6000#107,NULL
840,02-260-6000#108,NULL
841,02-260-6000#108(PPM),NULL
842,02-260-6000#108,NULL
843,02-260-6000#108(PPM),NULL
844,02-260-6000#108,NULL
845,02-260-6000#109,NULL
846,02-260-6000,NULL
847,02-260-6000ต่อ107,NULL
848,02-260-6000ต่อ107,NULL
849,02-260-6000#101,NULL
850,02-260-6000#101,NULL
851,02-260-6000#102,NULL
852,02-260-6000#102,NULL
853,02-260-6000#103,NULL
854,02-260-6000#104,NULL
855,02-260-6000#104-110,NULL
856,02-260-6000#104-110,NULL
857,02-260-6000#105,NULL
858,02-260-6000#106,NULL
859,02-260-6000#106,NULL
860,02-260-6000#107,NULL
861,02-260-6000#108,NULL
862,02-260-6000#110,NULL
863,02-260-6000#303,NULL
864,02-260-6000,NULL
865,02-2606000ต่อ226,NULL
866,02-260-8750-2,NULL
867,02-260-8750-2(นิติฯ),NULL
868,02-260-8750-2,NULL
869,02-2609000,NULL
870,02-260-9000,NULL
871,02-260-9000(นิติฯ),NULL
872,02-261-1061,NULL
873,02-261-1061(บริษัท),NULL
874,02-261-1063(บริษัท),NULL
875,02-2612249,NULL
876,02-261-2249,NULL
877,02-261-2249(นิติฯ),NULL
878,02-261-2518#654642,NULL
879,02-261-3057,NULL
880,02-261-3057(บริษัท),NULL
881,02-261-3057(บริษัท),NULL
882,02-261-6000#3212,NULL
883,02-261-6000#3212(นิติฯ),NULL
884,02-261-6000#3212(นิติฯ),NULL
885,02-261-6000#3212,NULL
886,02-261-6000#1000,NULL
887,02-261-6000#3212(นิติฯ),NULL
888,02-261-7788#4402(บริษัท)),NULL
889,02-261-7788#4407,NULL
890,02-261-7788#4410,NULL
891,02-261-7788#4410,NULL
892,02-261-7788#4412(บริษัท)),NULL
893,02-261-7788#4414,NULL
894,02-261-7788#4414(บริษัท)),NULL
895,02-261-7788#4414(บริษัท),NULL
896,02-261-7788#4414(บริษัท),NULL
897,02-261-7788#4414,NULL
898,02-261-7788#4416,NULL
899,02-261-7788#4416,NULL
900,02-261-7788#4437(บริษัท)),NULL
901,02-261-7788#4506,NULL
902,02-261-7788#4515,NULL
903,02-261-7788#4414,NULL
904,02-261-7788ต่อ317,NULL
905,02-261-7788#4510,NULL
906,02-261-7788#4512,NULL
907,02-2617788ต่อ321,NULL
908,02-261-8000(นิติฯ),NULL
909,02-261-8800(นิติฯ),NULL
910,02-261-8800(นิติฯ),NULL
911,02-261-9600-3(นิติฯ),NULL
912,02-262-1100-8,NULL
913,02-262-1100-9#3104,NULL
914,02-262-1100-9ต่อ3104,NULL
915,02-262-9400#9545(นิติฯ),NULL
916,02-262-9400#9545(นิติฯ),NULL
917,02-262-9464#9545(นิติฯ),NULL
918,02-262-9464(นิติฯ),NULL
919,02-2629466,NULL
920,02-262-9466,NULL
921,02-262-9466(นิติฯ),NULL
922,02-262-9467,NULL
923,02-262-9467(นิติฯ),NULL
924,02-262-9545,NULL
925,02-262-9545,NULL
926,02-264-0390,NULL
927,02-264-0390#303(บริษัท),NULL
928,02-264-0390#303(บริษัท),NULL
929,02-264-6464#1534(บริษัท),NULL
930,02-265-9683,NULL
931,02-265-9683(บริษัท)(ทู),NULL
932,02-265-9683(บริษัท),NULL
933,02-265-9684,NULL
934,02-265-9684(บริษัท),NULL
935,02-266-5353,NULL
936,02-267-8636(นิติฯ),NULL
937,02-270-1001,NULL
938,02-270-1001(นิติฯ),NULL
939,02-270-1001-2(นิติฯ),NULL
940,02-270-1506(นิติฯ),NULL
941,02-270-3625,NULL
942,02-270-5353,NULL
943,02-270-5402(นิติฯ),NULL
944,02-271-3832,NULL
945,02-271-4222,NULL
946,02-272-2690,NULL
947,02-272-3785(บริษัท),NULL
948,02-272-5544#11,NULL
949,02-272-5544(นิติฯ),NULL
950,02-274-4800,NULL
951,02-274-4800(นิติฯ),NULL
952,02-274-4800(นิติฯ),NULL
953,02-274-480002-274-4736,NULL
954,02-274-4800,NULL
955,02-274-8123,NULL
956,02-274-9746,NULL
957,02-274-9746(นิติฯ),NULL
958,02-275-1857,NULL
959,02-275-1857(นิติฯ),NULL
960,02-275-1857,NULL
961,02-275-5150,NULL
962,02-275-5584,NULL
963,02-275-5584(นิติฯ),NULL
964,02-275-8799(นิติฯ),NULL
965,02-276-8901(นิติฯ),NULL
966,02-277-4283,NULL
967,02-277-4283(นิติฯ),NULL
968,02-277-4283,NULL
969,02-278-0142(นิติฯ),NULL
970,02-278-1255,NULL
971,02-278-1611,NULL
972,02-278-1611(นิติฯ),NULL
973,02-278-1711(นิติฯ),NULL
974,02-278-3422,NULL
975,02-278-3422(นิติฯ),NULL
976,02-278-3995,NULL
977,02-279-4455,NULL
978,02-279-4455(นิติฯ),NULL
979,02-279-4455(นิติฯ),NULL
980,02-279-6145,NULL
981,02-279-8173,NULL
982,02-279-8173#176,NULL
983,02-279-8173(นิติฯ),NULL
984,02-279-9989(นิติฯ),NULL
985,02-280-2636,NULL
986,02-280-2636(นิติฯ),NULL
987,02-280-2636,NULL
988,02-284-3938(นิติฯ),NULL
989,02-285-2426#109,NULL
990,02-285-2426#200,NULL
991,02-285-2936#119,NULL
992,02-2854645แล้วกด*202,NULL
993,02-285-4645ต่อ204,NULL
994,02-285-4902,NULL
995,02-285-4902#301(บริษัท),NULL
996,02-285-4902,NULL
997,02-285-4902-9#301(บริษัท),NULL
998,02-285-5133,NULL
999,02-285-5438-43(นิติฯ),5
1000,02-285-5438-43(นิติฯ),5
1001,0-2285-5438-43ต่อ2002,5
1002,02-285-6433,NULL
1003,02-285-6433(นิติฯ),NULL
1004,02-286-1025-6,NULL
1005,02-286-1025-6(นิติฯ),NULL
1006,02-286-1779(บริษัท),NULL
1007,02-286-9933#750,NULL
1008,02-287-4056-8,NULL
1009,02-287-5110,NULL
1010,02-287-5110(นิติฯ),NULL
1011,02-289-4524#265,NULL
1012,02-289-4524#265(บริษัท),NULL
1013,02-291-1592,NULL
1014,02-291-9499,NULL
1015,02-291-9499(บริษัท),NULL
1016,02-292-0351,NULL
1017,02-292-0368,NULL
1018,02-292-0368(นิติฯ),NULL
1019,02-292-1088(นิติฯ),NULL
1020,02-294-3152-53,NULL
1021,02-294-3152-53,NULL
1022,02-294-3152-53(นิติฯ),NULL
1023,02-294-5555(นิติฯ),NULL
1024,02-294-6368,NULL
1025,02-294-9201,NULL
1026,02-294-9201-2,NULL
1027,02-297-0235(นิติฯ),NULL
1028,02-299-8000ต่อ100118-19,NULL
1029,02-300-2511(นิติฯ),NULL
1030,02-300-2522,NULL
1031,02-300-2522(นิติฯ),NULL
1032,02-300-5351,NULL
1033,02-300-6242,NULL
1034,02-300-6242,NULL
1035,02-301-4905,NULL
1036,02-306-1498,NULL
1037,02-3070102,NULL
1038,02-307-0102,NULL
1039,02-307-0102(นิติฯ),NULL
1040,02-307-8862,NULL
1041,02-307-8862-3(นิติฯ),NULL
1042,02-309-6000(บริษัท),NULL
1043,02-309-9703(บริษัท),NULL
1044,02-309-9724(บริษัท),NULL
1045,02-309-9725,NULL
1046,02-309-9725(บริษัท),NULL
1047,02-309-9725(บริษัท)02-309-6000(บริษัท),NULL
1048,02-309-972502-309-9798,NULL
1049,02-309-9725,NULL
1050,02-311-7394,NULL
1051,02-311-7394,NULL
1052,02-3131313Ext203,NULL
1053,02-3153394,NULL
1054,02-315-3394,NULL
1055,02-315-3394(นิติฯ),NULL
1056,02-315-3394,NULL
1057,02-315-3398(นิติฯ),NULL
1058,02-316-7326(นิติฯ),NULL
1059,02-316-7326,NULL
1060,02-316-8701,NULL
1061,02-317-3750(นิติฯ),NULL
1062,02-3185052,NULL
1063,02-3190652,NULL
1064,02-319-0652,NULL
1065,02-319-0652(นิติฯ),NULL
1066,02-319-0652(นิติฯ),NULL
1067,02-3204422,NULL
1068,02-320-7555-8,NULL
1069,02-322-0220,NULL
1070,02-322-0220,NULL
1071,02-322-1243,NULL
1072,02-322-1243ต่อ14099-163-6989คุณออฟ(แจ้งหนี้),NULL
1073,02-322-1243#14,NULL
1074,02-322-1243(บริษัท),NULL
1075,02-322-1777(นิติฯ),NULL
1076,02-322-2388#15,NULL
1077,02-322-2388ต่อ15,NULL
1078,02-322-2388ต่อ15(บริษัท),NULL
1079,02-322-2388-89ต่อ15(PLM),NULL
1080,02-3222388ต่อ33,NULL
1081,02-327-6666,NULL
1082,02-327-6666-7,NULL
1083,02-332-1123,NULL
1084,02-332-1123,NULL
1085,02-332-1123กด0,NULL
1086,02-332-4920(นิติฯ),NULL
1087,02-332-5344,NULL
1088,02-332-8600(นิติฯ),NULL
1089,02-332-8804,NULL
1090,02-332-9939ต่อ100,NULL
1091,02-332-9939(นิติฯ),NULL
1092,02-333-1135-6(บริษัท)),NULL
1093,02-333-1135-9#101-102,NULL
1094,02-333-1135-9,NULL
1095,02-333-1184-9,NULL
1096,02-333-1184-9(นิติฯ),NULL
1097,02-333-1184-91(นิติฯ),NULL
1098,02-333-3826(นิติฯ),NULL
1099,02-336-0576,NULL
1100,02-336-0576(นิติฯ),NULL
1101,02-336-0576,NULL
1102,02-337-4668,NULL
1103,02-346-7304(นิติ),NULL
1104,02-346-7589,NULL
1105,02-346-7589(นิติ),NULL
1106,02-347-4555,NULL
1107,02-3477004,NULL
1108,02-347-7004,NULL
1109,02-347-7004(นิติฯ),NULL
1110,02-348-2398,NULL
1111,02-348-2398(นิติ),NULL
1112,02-348-2398(นิติฯ),NULL
1113,02-348-9090#102,NULL
1114,02-349-0195(นิติฯ),NULL
1115,02-350-1241(หจก.),NULL
1116,02-350-1241(หจก.),NULL
1117,02-354-5106,NULL
1118,02-354-5106(นิติฯ),NULL
1119,02-355-6295,NULL
1120,02-355-6295ต่อ24,NULL
1121,02-355-6295ต่อ95,NULL
1122,02-361-2160,NULL
1123,02-361-5666,NULL
1124,02-361-5666(นิติฯ),NULL
1125,02-361-5666,NULL
1126,02-361-6022,NULL
1127,02-361-6022(บริษัท),NULL
1128,02-361-6022,NULL
1129,02-361-6023,NULL
1130,02-361-6023(บริษัท),NULL
1131,02-361-6249,NULL
1132,02-361-6249(นิติฯ),NULL
1133,02-3617590ต่อ001/086-3076189,NULL
1134,02-361-8833#103,NULL
1135,02-361-8833#103,NULL
1136,02-361-8833#103(นิติฯ),NULL
1137,02-361-8833#103,NULL
1138,02-361-8833#104,NULL
1139,02-361-9187กด0(BMGroup),NULL
1140,02-361-9206,NULL
1141,02-361-9206(นิติฯ),NULL
1142,02-361-9206,NULL
1143,02-361-9206,NULL
1144,02-362-6603,NULL
1145,02-362-8919,NULL
1146,02-363-5049(นิติฯ),NULL
1147,02-363-8728,NULL
1148,02-3642090,NULL
1149,02-364-2090,NULL
1150,02-364-2090(นิติฯ),NULL
1151,02-364-2794,NULL
1152,02-364-2975,NULL
1153,02-364-2975(นิติฯ),NULL
1154,02-364-2975,NULL
1155,02-364-3754,NULL
1156,02-364-3754(นิติฯ),NULL
1157,02-364-4635,NULL
1158,02-364-4635(นิติฯ),NULL
1159,02-364-4635,NULL
1160,02-364-4635,NULL
1161,02-3645268,NULL
1162,02-364-5268,NULL
1163,02-364-5268(นิติฯ),NULL
1164,02-364-5268,NULL
1165,02-364-7882,NULL
1166,02-364-7882(นิติ),NULL
1167,02-364-7882(นิติฯ),NULL
1168,02-364-9109,NULL
1169,02-364-9109(นิติฯ),NULL
1170,02-367-3880-3#112,NULL
1171,02-367-3880-3#112,NULL
1172,02-367-3880-3#202,NULL
1173,02-367-3880-3#112,NULL
1174,02-367-3880-4#117,NULL
1175,02-370-8277(นิติฯ),NULL
1176,02-372-0699,NULL
1177,02-372-0699065-864-0717,NULL
1178,02-373-0798,NULL
1179,02-373-9321,NULL
1180,02-374-3772,NULL
1181,02-374-3772(นิติ),NULL
1182,02-375-0123,NULL
1183,02-375-012302-375-1234(นิติฯ),NULL
1184,02-375-1234(นิติฯ),NULL
1185,02-3753477,NULL
1186,02-375-3733,NULL
1187,02-376-7533,NULL
1188,02-377-4050,NULL
1189,02-379-0476(นิติฯ),NULL
1190,02-379-3912,NULL
1191,02-379-4441,NULL
1192,02-379-4441(นิติฯ),NULL
1193,02-379-4441,NULL
1194,02-379-8399,NULL
1195,02-3816288,NULL
1196,02-381-1123,NULL
1197,02-381-1123(นิติฯ),NULL
1198,02-381-4420,NULL
1199,02-381-4420(นิติฯ),NULL
1200,02-381-5052,NULL
1201,02-381-505202-381-5054(นิติฯ),NULL
1202,02-381-5804(นิติฯ),NULL
1203,02-381-5804-5(นิติฯ),NULL
1204,02-381-5805(นิติฯ),NULL
1205,02-381-6043,NULL
1206,02-381-6043(นิติฯ),NULL
1207,02-381-6288,NULL
1208,02-381-6288(นิติ),NULL
1209,02-381-6288,NULL
1210,02-381-6767,NULL
1211,02-381-6767(นิติฯ)02-258-7130ext.25(บริษัท),NULL
1212,02-381-7601,NULL
1213,02-381-7604,NULL
1214,02-381-8100,NULL
1215,02-381-8624(นิติฯ),NULL
1216,02-382-3838(นิติฯ),NULL
1217,02-384-6666,NULL
1218,02-384-6666(นิติฯ),NULL
1219,02-386-6034(นิติฯ),NULL
1220,02-390-0060-89,NULL
1221,02-390-0061(นิติ),NULL
1222,02-390-0061(นิติฯ),NULL
1223,02-390-0061-2(นิติฯ),NULL
1224,02-390-0061-62(นิติฯ),NULL
1225,02-390-0061-70,NULL
1226,02-390-2342(ออฟฟิต),NULL
1227,02-390-2594,NULL
1228,02-390-2594(นิติฯ),NULL
1229,02-390-2594(บริษัท),NULL
1230,02-390-2594,NULL
1231,02-391-5203#555666(นิติฯ),NULL
1232,02-391-5203(นิติฯ),NULL
1233,02-391-5203(นิติฯ)02-392-6927(นิติฯ),NULL
1234,02-391-8580,6
1235,02-391-8580#21,6
1236,02-391-8580#24,6
1237,02-3918580ต่อ24,6
1238,02-3921111,NULL
1239,02-392-2285,NULL
1240,02-392-2285(นิติฯ),NULL
1241,02-392-5120,NULL
1242,02-392-5120(นิติฯ),NULL
1243,02-392-5183,NULL
1244,02-392-5183(นิติฯ),NULL
1245,02-392-5183(นิติฯ),NULL
1246,02-392-5183,NULL
1247,02-392-5183(นิติฯ),NULL
1248,02-397-0280,NULL
1249,02-397-0280(นิติฯ),NULL
1250,02-397-0310,NULL
1251,02-397-0462,NULL
1252,02-398-0123#14(บริษัท),NULL
1253,02-398-0123#37(บริษัท),NULL
1254,02-398-0123#41(บริษัท),NULL
1255,02-398-3000,NULL
1256,02-398-3861,NULL
1257,02-398-5565032-442-424หรือ503(ออฟฟิศ),NULL
1258,02-398-5565(บริษัท),NULL
1259,02-399-2530,NULL
1260,02-399-2530,NULL
1261,02-399-2531(นิติฯ),NULL
1262,02-399-2532,NULL
1263,02-399-4516,NULL
1264,02-399-4516(นิติฯ),NULL
1265,02-399-4516,NULL
1266,02-403-2786,NULL
1267,02-403-2786(นิติ),NULL
1268,02-403-2786(นิติฯ),NULL
1269,02-403-2786,NULL
1270,02-403-2786นิติฯ),NULL
1271,02-405-1111(นิติฯ),NULL
1272,02-405-3299(นิติฯ),NULL
1273,02-405-3299(นิติฯ),NULL
1274,02-405-4504,NULL
1275,02-405-4504(นิติฯ),NULL
1276,02-408-1445,NULL
1277,02-408-1445,NULL
1278,02-408-1504,NULL
1279,02-408-7400,NULL
1280,02-409-1007,NULL
1281,02-409-1700,NULL
1282,02-409-4100,NULL
1283,02-409-4100,NULL
1284,02-409-6700,NULL
1285,02-409-6700(นิติฯ),NULL
1286,02-409-670002-409-6701(นิติฯ),NULL
1287,02-409-6700-01(นิติฯ),NULL
1288,02-409-6700-01(นิติฯ),NULL
1289,02-409-6701,NULL
1290,02-409-6701(นิติฯ),NULL
1291,02-409-7224,NULL
1292,02-4105414,NULL
1293,02-410-5414,NULL
1294,02-410-5414(นิติฯ),NULL
1295,02-411-1888,NULL
1296,02-411-1888(นิติฯ),NULL
1297,02-411-1888,NULL
1298,02-413-1555,NULL
1299,02-413-1555คุณแป๋ม,NULL
1300,02-413-1555(บริษัท),NULL
1301,02-415-2023,NULL
1302,02-415-4024,NULL
1303,02-415-4024(นิติฯ),NULL
1304,02-416-3651(นิติฯ),NULL
1305,02-422-2211,NULL
1306,02-422-2211(นิติฯ),NULL
1307,02-422-2211,NULL
1308,02-422-3548,NULL
1309,02-422-3548(นิติฯ),NULL
1310,02-422-3548,NULL
1311,02-422-6481,NULL
1312,02-426-3415,NULL
1313,02-426-3415(นิติฯ),NULL
1314,02-426-4015,NULL
1315,02-426-4015-16(นิติ),NULL
1316,02-426-4015-16(นิติฯ),NULL
1317,02-426-4015-6,NULL
1318,02-426-4015-6(นิติฯ),NULL
1319,02-426-4015-6(นิติฯ),NULL
1320,02-4278285,NULL
1321,02-428-8688,NULL
1322,02-432-2255,NULL
1323,02-432-2255(นิติฯ),NULL
1324,02-432-2255(นิติฯ),NULL
1325,02-432-4281,NULL
1326,02-432-6071,NULL
1327,02-432-6071(นิติฯ),NULL
1328,02-432-6071(นิติฯ),NULL
1329,02-432-9147,NULL
1330,02-4340322,NULL
1331,02-434-0322,NULL
1332,02-434-0322(นิติฯ),NULL
1333,02-435-4046(นิติฯ),NULL
1334,02-438-3444(นิติฯ),NULL
1335,02-438-3477,NULL
1336,02-438-3477(นิติฯ),NULL
1337,02-438-4218-902-438-4114,NULL
1338,02-438-4411,9
1339,02-438-4411-2(นิติฯ),9
1340,02-438-4412(นิติฯ),NULL
1341,02-438-4604(นิติฯ),NULL
1342,02-4388932,NULL
1343,02-439-2541-3(นิติฯ),NULL
1344,02-439-4774,NULL
1345,02-439-5527,NULL
1346,02-439-5527(ลูกค้าสะดวดเบอร์นี้),NULL
1347,02-439-5527,NULL
1348,02-439-7001,NULL
1349,02-439-7001,NULL
1350,02-440-0225#22,NULL
1351,02-440-0225#23,NULL
1352,02-440-0225,NULL
1353,02-440-0225-9#23,NULL
1354,02-440-0225-9#23,NULL
1355,02-440-0229,NULL
1356,02-440-0229กด0,NULL
1357,02-440-0589,NULL
1358,02-440-0589(นิติฯ),NULL
1359,02-441-9201(นิติฯ),NULL
1360,02-444-3200,NULL
1361,02-444-3200#5501,NULL
1362,02-444-3560-3,NULL
1363,02-444-3561,NULL
1364,02-444-3561#303,NULL
1365,02-444-6465,NULL
1366,02-444-6685,NULL
1367,02-451-4248(บ.จัดทำบัญชี)02-885-1398(นิติฯ),NULL
1368,02-453-9251,NULL
1369,02-453-9643,NULL
1370,02-453-9885(นิติฯ),NULL
1371,02-454-1413,NULL
1372,02-454-1413(นิติฯ),NULL
1373,02-454-4402,NULL
1374,02-454-4402(นิติ),NULL
1375,02-454-4402(นิติฯ),NULL
1376,02-454-8215,NULL
1377,02-454-8215(นิติฯ),NULL
1378,02-455-7911(นิติฯ),NULL
1379,02-457-4513,NULL
1380,02-458-5268(นิติฯ),NULL
1381,02-458-7040,NULL
1382,02-458-7040(นิติฯ),NULL
1383,02-458-7040,NULL
1384,02-458-704002-458-7042,NULL
1385,02-458-7040-2,NULL
1386,02-458-7042,NULL
1387,02-458-7042,NULL
1388,02-458-7042,NULL
1389,02-458-7060(นิติฯ),NULL
1390,02-458-8385(นิติฯ),NULL
1391,02-458-8664,NULL
1392,02-459-1939,NULL
1393,02-459-1939(นิติฯ),NULL
1394,02-459-1939,NULL
1395,02-461-2956(นิติฯ),NULL
1396,02-461-2956-58,NULL
1397,02-461-2956-58(นิติฯ),NULL
1398,02-461-6661,NULL
1399,02-461-6661(นิติฯ),NULL
1400,02-461-6661,NULL
1401,02-462-1090,NULL
1402,02-462-1090(นิติฯ),NULL
1403,02-464-3052(นิติฯ),NULL
1404,02-4645001,NULL
1405,02-464-5001,NULL
1406,02-464-5001(นิติฯ),NULL
1407,02-464-9332,NULL
1408,02-466-8488,NULL
1409,02-466-8488(บริษัท),NULL
1410,02-466-8488-89,NULL
1411,02-466-8488-89,NULL
1412,02-466-8488-9,NULL
1413,02-466-8489(บริษัท),NULL
1414,02-466-8489,NULL
1415,02-477-8320(นิติ),NULL
1416,02-482-1402,NULL
1417,02-4825990,NULL
1418,02-482-5990,NULL
1419,02-482-5990(นิติฯ),NULL
1420,02-482-5990(นิติฯ),NULL
1421,02-482-5990,NULL
1422,02-482-5991,NULL
1423,02-482-5991(นิติฯ),NULL
1424,02-489-4923,NULL
1425,02-489-4923,NULL
1426,02-489-5000-2,NULL
1427,02-489-5000-2,NULL
1428,02-490-3241,NULL
1429,02-490-3522,NULL
1430,02-490-3522(นิติฯ),NULL
1431,02-490-3522,NULL
1432,02-490-5800(นิติฯ),NULL
1433,02-490-6595,NULL
1434,02-490-6595(นิติฯ),NULL
1435,02-490-7400,NULL
1436,02-490-7400(นิติฯ),NULL
1437,02-490-7400,NULL
1438,02-494-9136,NULL
1439,02-494-9136(นิติฯ),NULL
1440,02-494-9136(นิติฯ),NULL
1441,02-4963657,NULL
1442,02-496-3657,NULL
1443,02-496-3657(นิติฯ),NULL
1444,02-496-4762(นิติฯ),NULL
1445,02-496-9096-9,NULL
1446,02-497-2025,NULL
1447,02-497-2025(นิติ),NULL
1448,02-497-2025(นิติฯ),NULL
1449,02-497-2025,NULL
1450,02-502-0263(บริษัทกู้ข้อมูล),NULL
1451,02-508-0536,NULL
1452,02-508-0536(นิติฯ),NULL
1453,02-508-0536,NULL
1454,02-508-1126,NULL
1455,02-508-1126(นิติฯ),NULL
1456,02-508-1126(นิติฯ),NULL
1457,02-508-4422,NULL
1458,02-508-4523,NULL
1459,02-508-4523(นิติฯ),NULL
1460,02-511-4149,NULL
1461,02-511-4149(นิติฯ),NULL
1462,02-511-4149,NULL
1463,02-512-1790(นิติฯ),NULL
1464,02-512-2701,NULL
1465,02-512-2701(นิติฯ),NULL
1466,02-512-2701,NULL
1467,02-512-3035,NULL
1468,02-512-3035(นิติฯ),NULL
1469,02-512-5000,NULL
1470,02-512-5000#222,NULL
1471,02-512-5000#223,NULL
1472,02-512-5000#233,NULL
1473,02-512-5000#234,NULL
1474,02-512-5000#222,NULL
1475,02-512-5000#233,NULL
1476,02-512-5000#233,NULL
1477,02-512-5000#234,NULL
1478,02-5125000ต่อ223,NULL
1479,02-5125000ต่อ234,NULL
1480,02-512-5110,NULL
1481,02-512-5110(นิติฯ),NULL
1482,02-512-5110,NULL
1483,02-513-1111,NULL
1484,02-513-1111(นิติฯ),NULL
1485,02-513-1949,NULL
1486,02-513-1949(นิติฯ),NULL
1487,02-516-2585,NULL
1488,02-516-2585#300,NULL
1489,02-516-2585#300,NULL
1490,02-516-2585#301,NULL
1491,02-516-2585#303,NULL
1492,02-516-2585#303,NULL
1493,02-516-8866(บริษัท),NULL
1494,02-517-9021,NULL
1495,02-517-9021-2,NULL
1496,02-517-9021-202-108-5251(บริษัททัฟฟ์ฯ),NULL
1497,02-519-7179,NULL
1498,02-521-4920,NULL
1499,02-5215569,NULL
1500,02-522-3093,NULL
1501,02-522-6961(นิติฯ),NULL
1502,02-524-2458(นิติฯ),NULL
1503,02-525-6860(นิติฯ),NULL
1504,02-525-7677,NULL
1505,02-525-7677-8(นิติฯ),NULL
1506,02-526-8954,NULL
1507,02-526-8954(นิติฯ),NULL
1508,02-529-1069,NULL
1509,02-529-1069(นิติฯ),NULL
1510,02-5309119,NULL
1511,02-530-9119,NULL
1512,02-530-9119(นิติฯ),NULL
1513,02-531-6112,NULL
1514,02-531-6112(โทรสารนิติฯ),NULL
1515,02-531-6112(นิติฯ),NULL
1516,02-531-6112(นิติฯ),NULL
1517,02-532-6333,NULL
1518,02-532-6333(นิติฯ),NULL
1519,02-533-0721,NULL
1520,02-533-0721(ป้อมยามนิติฯ),NULL
1521,02-533-2334-5,NULL
1522,02-533-3147(นิติฯ),NULL
1523,02-5380337ต่่อ104,NULL
1524,02-538-0349;02-538-0337#104,NULL
1525,02-538-4882,NULL
1526,02-539-0540(นิติฯ),NULL
1527,02-539-8895,NULL
1528,02-540-0039(นิติฯ),NULL
1529,02-540-2201(บริษัท),NULL
1530,02-540-4230(บริษัท),NULL
1531,02-540-4230-2(บริษัท),NULL
1532,02-540-4479#2126(บริษัท),NULL
1533,02-540-4479(บริษัท),NULL
1534,02-543-0071,NULL
1535,02-543-0071(นิติฯ),NULL
1536,02-543-0346,NULL
1537,02-543-0346(นิติฯ),NULL
1538,02-543-0346(นิติฯ),NULL
1539,02-543-0844,NULL
1540,02-543-0844,NULL
1541,02-543-0844-45,NULL
1542,02-543-0844-45(บริษัท),NULL
1543,02-543-0844-45,NULL
1544,02-543-0844-5,NULL
1545,02-543-0845,NULL
1546,02-548-0380(นิติฯ),NULL
1547,02-549-7892,NULL
1548,02-550-6253,NULL
1549,02-550-6874#101,NULL
1550,02-551-0640,NULL
1551,02-552-4980(นิติฯ),NULL
1552,02-552-5617(นิติฯ),NULL
1553,02-553-0818,NULL
1554,02-553-0818(นิติฯ),NULL
1555,02-556-2952,NULL
1556,02-557-0174,NULL
1557,02-557-0174(นิติฯ),NULL
1558,02-557-0174,NULL
1559,02-557-0175,NULL
1560,02-557-0175(นิติฯ),NULL
1561,02-557-0218,NULL
1562,02-557-0218(นิติฯ),NULL
1563,02-557-0218,NULL
1564,02-557-0218,NULL
1565,02-557-0856,NULL
1566,02-559-3308,NULL
1567,02-559-3308,NULL
1568,02-565-3779,NULL
1569,02-565-8400,NULL
1570,02-565-8400(นิติ),NULL
1571,02-565-8400(นิติฯ),NULL
1572,02-565-8400,NULL
1573,02-567-1758,NULL
1574,02-569-545,NULL
1575,02-569-5451,NULL
1576,02-569-5451(นิติฯ),NULL
1577,02-569-6454,NULL
1578,02-569-6454(นิติ),NULL
1579,02-569-6454(นิติฯ),NULL
1580,02-569-6454,NULL
1581,02-574-0166,1
1582,02-574-4117,NULL
1583,02-575-0362,NULL
1584,02-575-0362,NULL
1585,02-575-1909นิติฯ),NULL
1586,02-575-2048,NULL
1587,02-575-2508,NULL
1588,02-575-4288(บริษัท),NULL
1589,02-577-5577#21(บริษัท)),NULL
1590,02-579-7498,NULL
1591,02-579-7498(นิติฯ),NULL
1592,02-579-8579(นิติฯ),NULL
1593,02-580-5133(นิติฯ),NULL
1594,02-580-5133(นิติฯ),NULL
1595,02-580-5133(นิติฯ),NULL
1596,02-580-6717(นิติฯ),NULL
1597,02-580-6915,NULL
1598,02-580-9868,NULL
1599,02-580-9868(นิติฯ),NULL
1600,02-580-9868,NULL
1601,02-582-0170,NULL
1602,02-583-4461,NULL
1603,02-583-7441,NULL
1604,02-583-7441(นิติฯ),NULL
1605,02-583-7441,NULL
1606,02-584-2013#124,NULL
1607,02-584-2013#124,NULL
1608,02-584-2013#141,NULL
1609,02-584-5300(นิติฯ),NULL
1610,02-5876688,NULL
1611,02-587-6688กด0,NULL
1612,02-587-7979,NULL
1613,02-589-0097,NULL
1614,02-589-6023(นิติฯ),NULL
1615,02-590-8061,NULL
1616,02-591-1150-2(บริษัท),NULL
1617,02-591-5277(นิติฯ),NULL
1618,02-591-5277(นิติฯ),NULL
1619,02-591-5679,NULL
1620,02-591-5679(นิติฯ),NULL
1621,02-591-5679(นิติฯ),NULL
1622,02-592-2155(นิติฯ),NULL
1623,02-592-2155,NULL
1624,02-592-4299,NULL
1625,02-597-5173(นิติฯ),NULL
1626,02-597-5173-4,NULL
1627,02-597-5174,NULL
1628,02-597-5174(นิติฯ),NULL
1629,02-599-7588,NULL
1630,02-599-9150(นิติฯ),NULL
1631,02-612-1430(นิติฯ),NULL
1632,02-612-4166,NULL
1633,02-612-4166(นิติฯ),NULL
1634,02-612-4166(นิติฯ),NULL
1635,02-614-3074,NULL
1636,02-616-3582,NULL
1637,02-616-3582(นิติฯ),NULL
1638,02-616-8002,NULL
1639,02-616-9811(นิติ),NULL
1640,02-616-9811-12,NULL
1641,02-617-0512(นิติฯ),NULL
1642,02-617-0700,NULL
1643,02-617-0700(นิติฯ),NULL
1644,02-619-0013,NULL
1645,02-619-0013(นิติฯ),NULL
1646,02-619-0013-15(นิติฯ),NULL
1647,02-619-0013-5,NULL
1648,02-619-0013-5(นิติฯ),NULL
1649,02-619-0015,NULL
1650,02-619-1000,NULL
1651,02-619-1000#102,NULL
1652,02-619-1000#105,NULL
1653,02-619-1000#139,NULL
1654,02-619-1000#139,NULL
1655,02-619-1000#103,NULL
1656,02-619-1000#105,NULL
1657,02-619-1000#121,NULL
1658,02-619-1000#102,NULL
1659,02-619-1000#103,NULL
1660,02-619-1000#105,NULL
1661,02-619-1000#105,NULL
1662,02-619-1000#121,NULL
1663,02-619-1000#135,NULL
1664,02-619-1000#139,NULL
1665,02-619-1000#139,NULL
1666,02-619-1000,NULL
1667,02-619-1300,NULL
1668,02-619-1300#52,NULL
1669,02-619-1300,NULL
1670,02-619-1300ต่อ52,NULL
1671,02-619-1300ต่อ57,NULL
1672,02-619-1300#52,NULL
1673,02-619-1300#57,NULL
1674,02-619-1300#58,NULL
1675,02-619-1300(นิติฯ),NULL
1676,02-619-1300,NULL
1677,02-619-1300-1ต่อ50(ฝ่ายบัญชี),NULL
1678,02-619-1300-1ต่อ52,NULL
1679,02-619-1300-1ต่อ52(ฝ่ายบัญชี),NULL
1680,02-619-1300-1ต่อ57,NULL
1681,02-619-1300-1ต่อ57,NULL
1682,02-619-1300-1(นิติฯ),NULL
1683,02-619-1300-2,NULL
1684,02-619-1300-2ต่อ57,NULL
1685,02-619-1300-2#52,NULL
1686,02-619-1300-2#53,NULL
1687,02-619-1300-2#57,NULL
1688,02-619-1300-2ต่อ52,NULL
1689,02-619-1300ต่อ52(ฝ่ายบัญชี),NULL
1690,02-619-8595,NULL
1691,02-619-8595(นิติฯ),NULL
1692,02-619-8595(นิติฯ),NULL
1693,02-623-7888#115,NULL
1694,02-623-9301#102,NULL
1695,02-623-9301(บริษัท),NULL
1696,02-623-9302(บริษัท),NULL
1697,02-626-0287,NULL
1698,02-628-1888,NULL
1699,02-628-1888#7012,NULL
1700,02-628-1888#7012,NULL
1701,02-628-1888#7120,NULL
1702,02-628-1888(บริษัท),NULL
1703,02-630-0900#3666(นิติฯ),NULL
1704,02-630-0900#3666,NULL
1705,02-630-0900#3667(นิติฯ),NULL
1706,02-630-0900#3667,NULL
1707,02-630-0900#3889,NULL
1708,02-630-0900#3667,NULL
1709,02-630-0900#3667,NULL
1710,02-630-0900,NULL
1711,02-630-0900ต่อ3889(นิติฯ),NULL
1712,02-634-1313#613,NULL
1713,02-635-2195-8,NULL
1714,02-635-2195-8(บริษัท),NULL
1715,02-635-2389(นิติฯ),NULL
1716,02-635-3999,NULL
1717,02-635-5102(นิติฯ),NULL
1718,02-636-0200,NULL
1719,02-636-0300,NULL
1720,02-636-0300#325(บริษัท),NULL
1721,02-636-0300#325,NULL
1722,02-636-0300(บริษัท),NULL
1723,02-636-0300ต่อ807,NULL
1724,02-636-0300#324(บริษัท),NULL
1725,02-636-0300(บริษัท),NULL
1726,02-636-0300(บริษัท),NULL
1727,02-636-0300,NULL
1728,02-636-7824(นิติฯ),NULL
1729,02-637-0388,NULL
1730,02-637-9774(นิติ),NULL
1731,02-640-1280(นิติฯ),NULL
1732,02-641-0880,NULL
1733,02-641-0880-1,NULL
1734,02-641-0880-1(บริษัท),NULL
1735,02-641-0880-1,NULL
1736,02-641-2121#129,NULL
1737,02-641-2121#129(บริษัท),NULL
1738,02-641-2121#129,NULL
1739,02-641-2121#129,NULL
1740,02-641-2121#129(บริษัท),NULL
1741,02-641-2121(บริษัท),NULL
1742,02-6412121ต่อ206,NULL
1743,02-641-2174,NULL
1744,02-641-2174(นิติฯ),NULL
1745,02-641-6831(นิติฯ),NULL
1746,02-641-7597(บริษัท),NULL
1747,02-641-7597-9,NULL
1748,02-641-7597-9(บริษัท),NULL
1749,02-642-2927-8,NULL
1750,02-642-2927-8(นิติฯ),NULL
1751,02-642-2927-8,NULL
1752,02-642-6798/02-246-5275,NULL
1753,02-642-7114,NULL
1754,02-642-7114(บริษัท),NULL
1755,02-643-8223#306,NULL
1756,02-643-8223#316,NULL
1757,02-644-6663,NULL
1758,02-644-6663(นิติฯ),NULL
1759,02-644-6663,NULL
1760,02-644-8996(นิติฯ),NULL
1761,02-644-8997,NULL
1762,02-645-3600,NULL
1763,02-645-3600-3,NULL
1764,02-645-3601#4040,NULL
1765,02-648-5555(บ.IQ),NULL
1766,02-649-4513,NULL
1767,02-650-5547-8(บริษัท),NULL
1768,02-651-0925,NULL
1769,02-651-0925,NULL
1770,02-651-9930(บริษัท)),NULL
1771,02-651-9930-2(บริษัท)),NULL
1772,02-652-6027(บริษัท),NULL
1773,02-652-6073,NULL
1774,02-652-6073(บริษัท),NULL
1775,02-652-8585,NULL
1776,02-652-8585(นิติฯ),NULL
1777,02-652-8586,NULL
1778,02-6529888ต่อ208,NULL
1779,02-652-9951,NULL
1780,02-652-9951(นิติฯ),NULL
1781,02-652-9951,NULL
1782,02-653-2381(นิติฯ),NULL
1783,02-653-3490,NULL
1784,02-653-3490(นิติฯ),NULL
1785,02-653-3490,NULL
1786,02-653-3490-1,NULL
1787,02-653-3490-1(นิติฯ),NULL
1788,02-653-3491(นิติฯ),NULL
1789,02-653-7508,NULL
1790,02-653-7509(นิติฯ),NULL
1791,02-653-8414(นิติฯ),NULL
1792,02-655-5577,NULL
1793,02-656-6463(นิติฯ),NULL
1794,02-656-6650#0(นิติฯ),NULL
1795,02-656-6650#0(นิติฯ),NULL
1796,02-656-6650#503#505(นิติฯ),NULL
1797,02-656-6650#503(นิติฯ),NULL
1798,02-656-6650#503,NULL
1799,02-656-6650#503,NULL
1800,02-656-6650#505,NULL
1801,02-656-6650#505(นิติฯ),NULL
1802,02-656-6650#505,NULL
1803,02-656-6650#505,NULL
1804,02-656-6650#505,NULL
1805,02-656-6650(นิติฯ),NULL
1806,02-656-6650,NULL
1807,02-656-6650กด0(นิติฯ),NULL
1808,02-656-6650#503,NULL
1809,02-656-6650#505,NULL
1810,02-656-6650(นิติฯ),NULL
1811,02-656-6650,NULL
1812,02-656-6650-1(นิติฯ),NULL
1813,02-656-6888(โรงแรม)),NULL
1814,02-656-6888,NULL
1815,02-6569481,NULL
1816,02-656-9481,NULL
1817,02-661-1800#402(นิติฯ),NULL
1818,02-661-1800(นิติฯ),NULL
1819,02-661-2173,NULL
1820,02-661-2173(นิติฯ),NULL
1821,02-6614776-78(นิติฯ),NULL
1822,02-661-9638#102(บริษัท),NULL
1823,02-661-9638#102(บริษัท),NULL
1824,02-661-9638#430(บริษัท),NULL
1825,02-661-9638#431(บริษัท),NULL
1826,02-662-5357(นิติฯ),NULL
1827,02-662-5357(นิติฯ),NULL
1828,02-662-6710,NULL
1829,02-662-6734,NULL
1830,02-6626749,NULL
1831,02-663-1037,NULL
1832,02-663-1037(นิติฯ),NULL
1833,02-663-3462,NULL
1834,02-663-3462(นิติฯ),NULL
1835,02-663-3462,NULL
1836,02-663-4417,NULL
1837,02-663-8921,NULL
1838,02-664-4291,NULL
1839,02-665-2555(นิติฯ),NULL
1840,02-666-3535ต่อ425,NULL
1841,02-666-3535#424(บริษัท),NULL
1842,02-666-3535#425(บริษัท),NULL
1843,02-666-3535ต่อ425(บริษัท),NULL
1844,02-671-1291(นิติฯ),NULL
1845,02-671-1291-2,NULL
1846,02-671-1291-2(นิติฯ),NULL
1847,02-671-1292,NULL
1848,02-671-1292(นิติฯ),NULL
1849,02-671-3407,NULL
1850,02-671-3407(นิติฯ),NULL
1851,02-671-3407-8(นิติฯ),NULL
1852,02-671-3407-8,NULL
1853,02-671-3892-6#112,NULL
1854,02-671-3892-6#112,NULL
1855,02-671-3892-6#124,NULL
1856,02-6715927,NULL
1857,02-671-5927,NULL
1858,02-671-5927,NULL
1859,02-671-5927(นิติ),NULL
1860,02-671-5927(นิติฯ),NULL
1861,02-672-0013-4#1035(นิติฯ),NULL
1862,02-672-8991#301,NULL
1863,02-672-8991-3#302,NULL
1864,02-672-8991-3#305,NULL
1865,02-672-8991-3#305,NULL
1866,02-672-8991-3#305,NULL
1867,02-672-9600,NULL
1868,02-674-1133,NULL
1869,02-674-3458-9(นิติฯ),NULL
1870,02-676-0431,NULL
1871,02-676-9251,NULL
1872,02-676-9251(บริษัท),NULL
1873,02-677-5120#114,NULL
1874,02-677-5120#114,NULL
1875,02-677-5120กด0(นิติฯ),NULL
1876,02-677-8888ต่อ1479(นิติฯ),NULL
1877,02-677-8888ต่อ1485(นิติฯ),NULL
1878,02-678-0523-6(นิติฯ),NULL
1879,02-678-7377,NULL
1880,02-678-7377(นิติฯ),NULL
1881,02-679-3072,NULL
1882,02-679-3500,NULL
1883,02-679-3500#415,NULL
1884,02-679-3500#415,NULL
1885,02-679-3500#415,NULL
1886,02-679-3500#415,NULL
1887,02-679-3500#415,NULL
1888,02-679-3500#415,NULL
1889,02-679-3500,NULL
1890,02-679-3500,NULL
1891,02-679-3500,NULL
1892,02-679-3500ต่อ415,NULL
1893,02-679-3720,NULL
1894,02-679-3720#415,NULL
1895,02-6794070,NULL
1896,02-680-7033(นิติฯ),NULL
1897,02-680-7034,NULL
1898,02-681-0131-5#317,NULL
1899,02-681-0131-5#318,NULL
1900,02-682-0920,NULL
1901,02-682-0920-1,NULL
1902,02-682-7500#306(นิติฯ),NULL
1903,02-682-8994#301,NULL
1904,02-682-8994#303,NULL
1905,02-682-8994#303(บริษัท),NULL
1906,02-682-8994#303,NULL
1907,02-682-8994#303,NULL
1908,02-682-8994#303(บริษัท),NULL
1909,02-685-0500,NULL
1910,02-685-0500กด0,NULL
1911,02-685-0500กด0(นิติฯ),NULL
1912,02-685-0500(นิติฯ),NULL
1913,02-689-0085(นิติ),NULL
1914,02-689-0711,NULL
1915,02-689-0711,NULL
1916,02-689-0711,NULL
1917,02-689-0711-5,NULL
1918,02-689-2689#132,NULL
1919,02-689-2689#138(บริษัท),NULL
1920,02-689-2689#138(บริษัท)052-010-203(นิติฯ),NULL
1921,02-689-2689#131(บริษัท),NULL
1922,02-689-2689#133,NULL
1923,02-689-2689#134(บริษัท),NULL
1924,02-689-2689#137,NULL
1925,02-689-2689#137(สนง.บัญชี)),NULL
1926,02-689-2689กด0(บริษัท),NULL
1927,02-689-2689#132,NULL
1928,02-689-2689#133,NULL
1929,02-690-0699,NULL
1930,02-690-0699(นิติฯ),NULL
1931,02-690-3515,NULL
1932,02-690-3515(นิติฯ),NULL
1933,02-690-6554,NULL
1934,02-690-7742,NULL
1935,02-691-1728(นิติฯ),NULL
1936,02-691-2356(นิติฯ),NULL
1937,02-693-7063(บริษัท),NULL
1938,02-705-9701,NULL
1939,02-705-9701(นิติฯ),NULL
1940,02-706-0674,NULL
1941,02-706-0674(นิติฯ),NULL
1942,02-706-0674,NULL
1943,02-710-5555(นิติฯ),NULL
1944,02-711-0988,NULL
1945,02-711-0988(นิติ),NULL
1946,02-711-0988(นิติฯ),NULL
1947,02-711-2519,NULL
1948,02-711-2519(นิติฯ),NULL
1949,02-712-1106-8,NULL
1950,02-712-1106-8#11,NULL
1951,02-712-1108(บริษัท),NULL
1952,02-713-1400,NULL
1953,02-713-1400(นิติฯ),NULL
1954,02-713-5344,NULL
1955,02-713-5544(นิติฯ),NULL
1956,02-713-6461,NULL
1957,02-713-7722-3,NULL
1958,02-713-8466,NULL
1959,02-713-8466(นิติฯ),NULL
1960,02-713-8466(นิติฯ),NULL
1961,02-714-0100,NULL
1962,02-714-0100(นิติ),NULL
1963,02-714-1182,NULL
1964,02-714-1251,NULL
1965,02-714-3165(นิติฯ),NULL
1966,02-714-7610,NULL
1967,02-714-7780(บริษัท),NULL
1968,02-714-8942,2
1969,02-715-3850(นิติฯ),NULL
1970,02-715-3850-2,NULL
1971,02-715-3850-2(นิติฯ),NULL
1972,02-715-3850-2,NULL
1973,02-715-3851,NULL
1974,02-716-5571,NULL
1975,02-716-8800,NULL
1976,02-716-8800,NULL
1977,02-7176511,NULL
1978,02-717-6511ต่อ112,NULL
1979,02-717-6511-20(บริษัท),NULL
1980,02-717-6980(นิติฯ),NULL
1981,02-717-7598,NULL
1982,02-717-7598(นิติฯ),NULL
1983,02-717-7598(นิติฯ),NULL
1984,02-717-8910,NULL
1985,02-718-0156,NULL
1986,02-718-8200,NULL
1987,02-718-8200,NULL
1988,02-719-2868,NULL
1989,02-719-2868,NULL
1990,02-719-2868-9(นิติฯ),NULL
1991,02-719-9338,NULL
1992,02-719-9338(นิติฯ),NULL
1993,02-720-6882,NULL
1994,02-720-6882(นิติฯ),NULL
1995,02-721-4630,NULL
1996,02-721-4630(นิติฯ),NULL
1997,02-721-8020,NULL
1998,02-726-4421,NULL
1999,02-726-9100(บริษัท)02-726-9170-71,NULL
2000,02-726-9170-71,NULL
2001,02-726-9171(นิติฯ),NULL
2002,02-727-0022#242,NULL
2003,02-727-0022#243,NULL
2004,02-727-0022#243,NULL
2005,02-727-0022#245,NULL
2006,02-727-0022#246,NULL
2007,02-727-0022#248,NULL
2008,02-727-0022#249,NULL
2009,02-727-0022#263,NULL
2010,02-727-0022#265,NULL
2011,02-727-0022#265,NULL
2012,02-727-0022#266,NULL
2013,02-727-0022#267,NULL
2014,02-727-0022#268,NULL
2015,02-727-0022#274,NULL
2016,02-727-0022#243,NULL
2017,02-727-0022,NULL
2018,02-727-0022,NULL
2019,02-727-0022,NULL
2020,02-727-0023,NULL
2021,02-727-0477,NULL
2022,02-727-0833,NULL
2023,02-727-0833(บริษัท),NULL
2024,02-729-8877,NULL
2025,02-732-1114(นิติฯ),NULL
2026,02-732-2901,NULL
2027,02-732-2901(นิติฯ),NULL
2028,02-732-2901,NULL
2029,02-733-3601,NULL
2030,02-734-1195(นิติฯ),NULL
2031,02-734-3819#11,NULL
2032,02-736-5709(นิติฯ),NULL
2033,02-736-7674,NULL
2034,02-736-7674(นิติฯ),NULL
2035,02-737-0875,NULL
2036,02-737-0875,NULL
2037,02-738-2488(นิติฯ),NULL
2038,02-738-2488(บริษัท),NULL
2039,02-741-4044,NULL
2040,02-741-4667,NULL
2041,02-742-7119(นิติฯ),NULL
2042,02-742-9905,NULL
2043,02-743-0361,NULL
2044,02-743-0361-2(บริษัท),NULL
2045,02-7430361-8,NULL
2046,02-743-0361-8,NULL
2047,02-743-0361-8(บริษัท),NULL
2048,02-743-0388,NULL
2049,02-743-0388(นิติฯ),NULL
2050,02-743-0450,NULL
2051,02-743-0450,NULL
2052,02-743-0720,NULL
2053,02-743-0720(นิติฯ),NULL
2054,02-743-0720(นิติฯ),NULL
2055,02-743-0720,NULL
2056,02-744-4261(นิติฯ),NULL
2057,02-744-4804-5,NULL
2058,02-744-4804-5,NULL
2059,02-745-0226,NULL
2060,02-745-0914,NULL
2061,02-745-5532,NULL
2062,02-745-5532,NULL
2063,02-746-8813,NULL
2064,02-746-8813(นิติฯ),NULL
2065,02-746-8813-20(นิติฯ),NULL
2066,02-746-9900,NULL
2067,02-746-9900(นิติฯ),NULL
2068,02-748-6601#14,NULL
2069,02-748-7886#15,NULL
2070,02-748-7886#15,NULL
2071,02-748-7886#18,NULL
2072,02-748-7886#30,NULL
2073,02-750-4446-7(นิติฯ),NULL
2074,02-750-4635,NULL
2075,02-751-7724,NULL
2076,02-751-7724,NULL
2077,02-755-6319(นิติฯ),NULL
2078,02-756-9429,NULL
2079,02-756-9429(นิติ),NULL
2080,02-758-3907,NULL
2081,02-758-3907(นิติ),NULL
2082,02-759-5193,NULL
2083,02-759-5193(นิติฯ),NULL
2084,02-763-8258,NULL
2085,02-763-8258(นิติฯ),NULL
2086,02-763-8261,NULL
2087,02-763-8261(นิติฯ),NULL
2088,02-763-8263,NULL
2089,02-763-8264,NULL
2090,02-763-8264(นิติฯ),NULL
2091,02-763-8268,NULL
2092,02-763-8268(นิติฯ),NULL
2093,02-769-9403,NULL
2094,02-769-9999#183,NULL
2095,02-769-9999#184,NULL
2096,02-785-3907(นิติฯ),NULL
2097,02-803-3833,NULL
2098,02-803-4933,NULL
2099,02-803-4933(นิติฯ),NULL
2100,02-804-5553(บริษัท),NULL
2101,02-804-5553(บริษัท),NULL
2102,02-804-5553-4(บริษัท),NULL
2103,02-804-6206(นิติฯ),NULL
2104,02-806-0223,NULL
2105,02-806-0223(นิติฯ),NULL
2106,02-806-0223,NULL
2107,02-811-6736,NULL
2108,02-811-9642,NULL
2109,02-811-9642(นิติฯ),NULL
2110,02-812-4033,NULL
2111,02-812-4033(นิติฯ),NULL
2112,02-814-7020,NULL
2113,02-814-7020(นิติ),NULL
2114,02-814-7020(นิติฯ),NULL
2115,02-814-7020(นิติฯ),NULL
2116,02-814-9455,NULL
2117,02-818-1280,NULL
2118,02-834-2077,NULL
2119,02-8363170ต่อ820,NULL
2120,02-840-2992(นิติฯ),NULL
2121,02-840-6719,NULL
2122,02-849-6095,NULL
2123,02-860-4012,NULL
2124,02-8604012-4,NULL
2125,02-860-4012-4,NULL
2126,02-860-4012-4(นิติฯ),NULL
2127,02-860-4012-4,NULL
2128,02-8617001ต่อ2,NULL
2129,02-862-2544(นิติฯ),NULL
2130,02-862-2545ต่อ999,NULL
2131,02-862-8100,NULL
2132,02-862-8100(นิติฯ),NULL
2133,02-862-8100,NULL
2134,02-863-3170,NULL
2135,02-863-3170,NULL
2136,02-863-3170-8#8820,NULL
2137,02-863-3170-8#8820,NULL
2138,02-863-3170-8#8885,NULL
2139,02-863-3170-8#8885,NULL
2140,02-863-3170-8#8885,NULL
2141,02-863-3170-8#8820,NULL
2142,02-863-3170-8#8885,NULL
2143,02-8633170ต่อ8820,NULL
2144,02-865-5440,NULL
2145,02-867-0657,NULL
2146,02-867-0657(นิติฯ),NULL
2147,02-867-0657,NULL
2148,02-869-1192,NULL
2149,02-869-1192(นิติฯ),NULL
2150,02-869-1192(นิติฯ)02-869-1193(นิติฯ),NULL
2151,02-869-1192(บริษัท),NULL
2152,02-869-119202-869-1193(นิติฯ),NULL
2153,02-869-119202-869-1193(บริษัท),NULL
2154,02-871-5795,NULL
2155,02-871-5795(นิติฯ),NULL
2156,02-876-0512,NULL
2157,02-878-6446(นิติฯ),NULL
2158,02-878-9911,NULL
2159,02-878-9911กด0(นิติฯ),NULL
2160,02-878-9911(นิติฯ),NULL
2161,02-878-9911,NULL
2162,02-878-9911,NULL
2163,02-880-1603,NULL
2164,02-880-1603(นิติฯ),NULL
2165,02-881-3882(นิติฯ),NULL
2166,02-883-2553,NULL
2167,02-883-2553(นิติ),NULL
2168,02-883-2553,NULL
2169,02-884-7308(นิติฯ),NULL
2170,02-884-9022,NULL
2171,02-885-1398(นิติฯ),NULL
2172,02-885-2145(นิติฯ),NULL
2173,02-886-0153,NULL
2174,02-886-0153(นิติฯ),NULL
2175,02-886-3235,NULL
2176,02-886-4376-9,NULL
2177,02-888-5356,NULL
2178,02-888-5356(นิติฯ),NULL
2179,02-888-5356,NULL
2180,02-889-3800,NULL
2181,02-889-3800(นิติฯ),NULL
2182,02-892-5061,NULL
2183,02-894-0630,NULL
2184,02-894-0630(นิติฯ),NULL
2185,02-894-0630,NULL
2186,02-894-1007,NULL
2187,02-894-1050(นิติฯ),NULL
2188,02-894-1168,NULL
2189,02-894-1168(นิติ),NULL
2190,02-894-1168(นิติฯ),NULL
2191,02-894-1949,NULL
2192,02-894-1949(นิติฯ),NULL
2193,02-896-4404(นิติ),NULL
2194,02-897-8888ต่อ21138,NULL
2195,02-902-0022,NULL
2196,02-904-0703,NULL
2197,02-904-9138,NULL
2198,02-904-9138(นิติฯ),NULL
2199,02-906-3217,NULL
2200,02-906-3217(นิติฯ),NULL
2201,02-906-3217,NULL
2202,02-907-1292,NULL
2203,02-907-3620,NULL
2204,02-911-7701,NULL
2205,02-911-7701(นิติฯ),NULL
2206,02-9118037,NULL
2207,02-913-5755(นิติฯ),NULL
2208,02-916-0048,NULL
2209,02-916-0048(นิติฯ),NULL
2210,02-916-1365,NULL
2211,02-916-1365(นิติ),NULL
2212,02-916-1365(นิติฯ),NULL
2213,02-916-1717,NULL
2214,02-916-1717(นิติฯ),NULL
2215,02-916-1717(นิติฯ)คุณปุ้ย,NULL
2216,02-917-1361,NULL
2217,02-919-1194(นิติฯ),NULL
2218,02-921-7081,NULL
2219,02-921-7081(นิติฯ),NULL
2220,02-921-7202,NULL
2221,02-921-7202(นิติฯ),NULL
2222,02-923-1408-9(นิติฯ),NULL
2223,02-924-2466,NULL
2224,02-924-2466(นิติฯ),NULL
2225,02-924-3910,NULL
2226,02-924-3910(นิติฯ),NULL
2227,02-930-2862(นิติฯ),NULL
2228,02-931-1215,NULL
2229,02-931-1215(นิติฯ),NULL
2230,02-931-2446,NULL
2231,02-931-2447,NULL
2232,02-931-2447(นิติฯ),NULL
2233,02-931-2447,NULL
2234,02-931-2447(นิติฯ),NULL
2235,02-931-5665,NULL
2236,02-931-9498(นิติฯ),NULL
2237,02-931-9946#111,NULL
2238,02-931-9946-8#112,NULL
2239,02-931-9946-8#112,NULL
2240,02-932-1160,NULL
2241,02-932-1160(นิติฯ),NULL
2242,02-932-5188-9,NULL
2243,02-932-5189,NULL
2244,02-933-7620,NULL
2245,02-933-7620(นิติฯ),NULL
2246,02-933-8897(นิติฯ),NULL
2247,02-933-9061(นิติฯ),NULL
2248,02-933-9061กด0,NULL
2249,02-933-9866ต่อ13/19(นิติฯ),NULL
2250,02-934-2181-4(นิติ),NULL
2251,02-934-2181-4(นิติฯ),NULL
2252,02-934-6745,NULL
2253,02-934-7501(บริษัท),NULL
2254,02-934-7551(บริษัท),NULL
2255,02-934-7551-2(บริษัท),NULL
2256,02-934-7551-2,NULL
2257,02-934-7552(บริษัท),NULL
2258,02-935-1100,NULL
2259,02-935-6579,NULL
2260,02-9356896,NULL
2261,02-935-6896,NULL
2262,02-935-6896(นิติฯ),NULL
2263,02-935-6896(นิติฯ),NULL
2264,02-935-6896,NULL
2265,02-935-7227,NULL
2266,02-935-7227(นิติฯ),NULL
2267,02-937-4961#13(นิติฯ),NULL
2268,02-937-4961#13,NULL
2269,02-937-4961#13,NULL
2270,02-937-4961#14,NULL
2271,02-937-4961-2#14,NULL
2272,02-938-2300(นิติฯ),NULL
2273,02-938-6006(นิติฯ),NULL
2274,02-938-6701,NULL
2275,02-938-6701(นิติฯ),NULL
2276,02-938-6701,NULL
2277,02-939-0557,NULL
2278,02-939-0577,NULL
2279,02-939-0577(นิติฯ),NULL
2280,02-939-1371-2,NULL
2281,02-939-1371-2,NULL
2282,02-939-1843(นิติฯ),NULL
2283,02-939-1844,NULL
2284,02-939-9193-4,NULL
2285,02-939-9193-4(นิติฯ),NULL
2286,02-939-9193-4,NULL
2287,02-939-9301(นิติฯ),NULL
2288,02-941-8181,NULL
2289,02-941-8181#336#357(นิติฯ),NULL
2290,02-943-4532,NULL
2291,02-943-7999,NULL
2292,02-944-3673,NULL
2293,02-944-3673,NULL
2294,02-944-7220(นิติฯ),NULL
2295,02-945-4172,NULL
2296,02-945-8579(นิติฯ),NULL
2297,02-946-9460,NULL
2298,02-946-9460(นิติฯ),NULL
2299,02-947-4914,NULL
2300,02-948-5030,NULL
2301,02-950-1805(นิติฯ),NULL
2302,02-950-1805(นิติฯ),NULL
2303,02-950-5168,NULL
2304,02-9510045,NULL
2305,02-951-0045,NULL
2306,02-951-9757#102(บริษัท),NULL
2307,02-951-9757ต่อ102,NULL
2308,02-951-9757ต่อ102(SMC),NULL
2309,02-953-9693,NULL
2310,02-956-6646(นิติฯ),NULL
2311,02-960-0399,NULL
2312,02-960-0399(นิติฯ),NULL
2313,02-960-0399,NULL
2314,02-960-2339(นิติฯ),NULL
2315,02-960-3694(นิติฯ),NULL
2316,02-961-2447(นิติฯ),NULL
2317,02-962-1944(นิติฯ),NULL
2318,02-962-2116(นิติฯ),NULL
2319,02-962-2675,NULL
2320,02-9679505,NULL
2321,02-967-9505,NULL
2322,02-967-9505(นิติฯ),NULL
2323,02-967-9505(นิติฯ),NULL
2324,02-967-9505,NULL
2325,02-968-4385(นิติฯ),NULL
2326,02-969-2922,NULL
2327,02-969-6308,NULL
2328,02-969-6308(นิติฯ),NULL
2329,02-970-3863,NULL
2330,02-970-3863(บริษัท),NULL
2331,02-970-3863,NULL
2332,02-970-3863-6,NULL
2333,02-971-1277,NULL
2334,02-971-1277(นิติฯ),NULL
2335,02-971-2200(นิติฯ),NULL
2336,02-972-5256,NULL
2337,02-975-6004,NULL
2338,02-975-6004(นิติฯ),NULL
2339,02-975-993202-975-9979,NULL
2340,02-976-6100,NULL
2341,02-976-6100(นิติฯ),NULL
2342,02-977-0721,NULL
2343,02-977-0721(นิติ),NULL
2344,02-977-0721(นิติ)02-977-0949(นิติ),NULL
2345,02-978-2557,NULL
2346,02-978-6488,NULL
2347,02-978-6488(นิติฯ),NULL
2348,02-979-2991,NULL
2349,02-979-2991(นิติฯ),NULL
2350,02-980-5500#2205,NULL
2351,02-980-5500#2400,NULL
2352,02-980-5500#2200,NULL
2353,02-980-5500#2203,NULL
2354,02-980-5500#2206,NULL
2355,02-980-5500#2502(บริษัท),NULL
2356,02-980-5500#2200,NULL
2357,02-980-5500#2203,NULL
2358,02-980-5500#2204,NULL
2359,02-980-5500#2205,NULL
2360,02-980-5500#2206,NULL
2361,02-9805500ต่อ2204,NULL
2362,02-980-8811#0,NULL
2363,02-982-1339,NULL
2364,02-982-1339(นิติฯ),NULL
2365,02-983-7616,NULL
2366,02-983-7616(นิติฯ),NULL
2367,02-984-1282,NULL
2368,02-984-1282,NULL
2369,02-984-5533,NULL
2370,02-984-5533(นิติฯ),NULL
2371,02-985-9035,NULL
2372,02-985-9035(นิติฯ),NULL
2373,02-986-4401(นิติ),NULL
2374,02-987-3450,NULL
2375,02-990-9169,NULL
2376,02-990-9169(นิติฯ),NULL
2377,02-990-9169,NULL
2378,02-991-7388,NULL
2379,02-991-7388(นิติฯ),NULL
2380,02-992-4192,NULL
2381,02-992-4192(นิติฯ),NULL
2382,02-994-4732,NULL
2383,02-996-2787(นิติฯ),NULL
2384,02-997-0659(นิติฯ),NULL
2385,02-998-7799,NULL
2386,02-998-7799(นิติฯ),NULL
2387,032-406-214,NULL
2388,032-470-923,NULL
2389,032-470-923,NULL
2390,032-470-978(นิติฯ),NULL
2391,032-471-957,NULL
2392,032-472-421(นิติฯ),NULL
2393,032-513-777-8,NULL
2394,032-516-572-5,NULL
2395,032-527-601,NULL
2396,032-527-612(นิติฯ),NULL
2397,032-527-959,NULL
2398,032-533-665,NULL
2399,032-536-655,NULL
2400,032-616-333(นิติฯ),NULL
2401,032-616-600#7607,NULL
2402,032-653-007(นิติฯ),NULL
2403,032-655-222(นิติฯ),NULL
2404,032-655-222,NULL
2405,032-655-240,NULL
2406,032-655-240(นิติฯ),NULL
2407,032-655-240,NULL
2408,032-655-278,NULL
2409,032-655-297,NULL
2410,032-655-297(นิติฯ),NULL
2411,032-770-570,NULL
2412,032-770-570(นิติฯ),NULL
2413,032-828-638,NULL
2414,032-828-638(นิติฯ),NULL
2415,032-828-638นิติฯ),NULL
2416,032-828-700,NULL
2417,032-828-700(นิติฯ),NULL
2418,032-828-700,NULL
2419,032-899-734,NULL
2420,032-900-339,NULL
2421,032-900-339(นิติฯ),NULL
2422,032-900-390(นิติฯ),NULL
2423,033-004-500,NULL
2424,033-004-500(นิติฯ),NULL
2425,033-004-500,NULL
2426,033-013-252,NULL
2427,033-013-252(นิติฯ),NULL
2428,033-013-252-3(นิติฯ),NULL
2429,033-022-099,NULL
2430,033-022-099(นิติฯ),NULL
2431,033-039-551(นิติฯ),NULL
2432,033-048-055(นิติฯ),NULL
2433,033-048-055นิติฯ),NULL
2434,033-048-056(นิติฯ),NULL
2435,033-048-056นิติฯ),NULL
2436,033-048117,NULL
2437,033-048-117,NULL
2438,033-641-234,NULL
2439,033-641-234(นิติฯ),NULL
2440,033-641-234(นิติฯ),NULL
2441,033-650-766,NULL
2442,033-673-449,NULL
2443,033-673-449(นิติฯ),NULL
2444,033-673-449,NULL
2445,033-673-449,NULL
2446,034-108-352,NULL
2447,034-130-530,NULL
2448,034-130-530(ไม่ใช้เบอร์นี้แล้ว),NULL
2449,034-146-010(นิติฯ),NULL
2450,034-467-038(นิติฯ),NULL
2451,034-472-685(นิติฯ),NULL
2452,034-712-211,NULL
2453,034-712-211,NULL
2454,034-872-723,NULL
2455,035-275-487,NULL
2456,035-275-487(นิติฯ),NULL
2457,035-330-141-6#39(บริษัท),NULL
2458,035-330-141-7#39(บริษัท),NULL
2459,035-330-141-7#39,NULL
2460,035-521-585,NULL
2461,035-521-585(นิติฯ),NULL
2462,035-522-308,NULL
2463,035-900-085(นิติฯ),NULL
2464,038-015-549(นิติฯ),NULL
2465,038-040-614,NULL
2466,038-051057,NULL
2467,038-055-875(นิติฯ),NULL
2468,038-059-301-2,NULL
2469,038-059-301-3(นิติฯ),NULL
2470,038-110-355,NULL
2471,038-110-355(นิติฯ),NULL
2472,038-111-786,NULL
2473,038-118-433,NULL
2474,038-182-492,NULL
2475,038-182-492(นิติ),NULL
2476,038-182-492(นิติฯ),NULL
2477,038-182-492(นิติฯ),NULL
2478,038-182-493,NULL
2479,038-182-494,NULL
2480,038-182-494(นิติฯ),NULL
2481,038-191-599,NULL
2482,038-195-264(นิติฯ),NULL
2483,038-195-429,NULL
2484,038-195-682,NULL
2485,038-196-480(นิติฯ),NULL
2486,038-196-535(นิติฯ),NULL
2487,038-197603,NULL
2488,038-197-603,NULL
2489,038-197-603(นิติฯ),NULL
2490,038-212-291(บริษัท),NULL
2491,038-221-322,NULL
2492,038-224-824,NULL
2493,038-224-824(นิติฯ),NULL
2494,038-225-009(นิติฯ),NULL
2495,038-225-842,NULL
2496,038-225-842(นิติฯ),NULL
2497,038-233163,NULL
2498,038-233-163(นิติฯ),NULL
2499,038-236-024,NULL
2500,038-236-024,NULL
2501,038-236-420,NULL
2502,038-237-206(นิติฯ),NULL
2503,038-237-206-7,NULL
2504,038-237-206-7(นิติฯ),NULL
2505,038-237-207(นิติฯ),NULL
2506,038-237-569,NULL
2507,038-237-598-99(นิติฯ),NULL
2508,038-237-599(นิติฯ),NULL
2509,038-238-001-4,NULL
2510,038-238-194(นิติฯ),NULL
2511,038-238-268,NULL
2512,038-238-268,NULL
2513,038-238-416(นิติฯ),NULL
2514,038-238-604,NULL
2515,038-238-604(นิติฯ),NULL
2516,038-241-418-9,NULL
2517,038-250-251,NULL
2518,038-250-251(นิติฯ),NULL
2519,038-250-251-2,NULL
2520,038-250-251-2(นิติฯ),NULL
2521,038-250-873,NULL
2522,038-250907,NULL
2523,038-250-907(นิติฯ)ติตต่อ080-570-8594(คุณทิพย์)097-301-8690(คุณจ๋า),NULL
2524,038-250-907(นิติฯ),NULL
2525,038-255-230,NULL
2526,038-300-715,NULL
2527,038-300-715(นิติฯ),NULL
2528,038-300-856,NULL
2529,038-322-099,NULL
2530,038-411-151-2(นิติฯ)038-411-785(นิติฯ),NULL
2531,038-411-487,NULL
2532,038-416-590-2,NULL
2533,038-416-5902(นิติฯ),NULL
2534,038-416-689,NULL
2535,038-421-031(นิติฯ),NULL
2536,038-422-778,NULL
2537,038-425-297,NULL
2538,038-425-297(นิติฯ),NULL
2539,038-425-298,NULL
2540,038-425-646,NULL
2541,038-426-535(นิติฯ),NULL
2542,038-426-535,NULL
2543,038-428-829,NULL
2544,038-435-3094,NULL
2545,038-488-614,NULL
2546,038-488-614,NULL
2547,038-493286,NULL
2548,038-493-286,NULL
2549,038-493-286(นิติฯ),NULL
2550,038-493-286(นิติฯ),NULL
2551,038-493-286,NULL
2552,038-494126,NULL
2553,038-494-126(นิติฯ),NULL
2554,038-494-226(นิติฯ),NULL
2555,038-494-226(นิติฯ),NULL
2556,038-603-102(นิติฯ),NULL
2557,038-614-891,NULL
2558,038-621-148,NULL
2559,038-621-148(นิติฯ),NULL
2560,038-651-571,NULL
2561,038-651-571(นิติฯ),NULL
2562,038-652-852,NULL
2563,038-663-829,NULL
2564,038-663-829(นิติฯ),NULL
2565,038-670-915(ติดต่อไม่ได้(ไม่มีใครรับสาย),NULL
2566,038-710-333,NULL
2567,038-932-900#8157,NULL
2568,038-932-900#8156,NULL
2569,038-932-900#8157,NULL
2570,038-955-200ต่อ212,NULL
2571,039-301-668,NULL
2572,042-183-980(นิติฯ),NULL
2573,052-011-113,NULL
2574,052-058900,NULL
2575,052-088-318,NULL
2576,053-105-163,NULL
2577,053-141-700,NULL
2578,053-141-700(นิติฯ),NULL
2579,053-222-124(นิติฯ),NULL
2580,053-279-226(นิติฯ),NULL
2581,053-328-181(นิติฯ),NULL
2582,053-437-001(นิติฯ),NULL
2583,053-820-961-2,NULL
2584,053-851-869,NULL
2585,053-851-869(นิติ),NULL
2586,053-851-869(นิติฯ),NULL
2587,061-0404506,NULL
2588,061-3734778,NULL
2589,061-373-4778,NULL
2590,061-5458983,NULL
2591,061-5830446,NULL
2592,061-6531345,NULL
2593,061-653-1345,NULL
2594,061-7190880,NULL
2595,061-769104702-9761461,NULL
2596,061-8680055,NULL
2597,062-568-4054,NULL
2598,062-635-6246,NULL
2599,062-871-8333,NULL
2600,062-875-1771,NULL
2601,062-9629396,NULL
2602,063-143-4886,NULL
2603,063-1491449,NULL
2604,063-191-6139,NULL
2605,063-323-7428,NULL
2606,063-3828520,NULL
2607,063-4180888,NULL
2608,063-8129090,NULL
2609,064-182-8805,NULL
2610,064-3584741,NULL
2611,064-3584741,NULL
2612,064-358-4741,NULL
2613,064-421-5394คุณมล,NULL
2614,064-616-1872คุณเอื้อม086-357-6325,NULL
2615,064-9395650,NULL
2616,065-3365559,NULL
2617,065-810-6675,NULL
2618,074-555-123(นิติฯ),NULL
2619,076-252-719,NULL
2620,076-337476,NULL
2621,076-337-476,NULL
2622,076-337-476(นิติฯ),NULL
2623,076-353-501-3,NULL
2624,076-385-441,NULL
2625,076-396-777,NULL
2626,076-396-777(นิติฯ),NULL
2627,076-396-777,NULL
2628,076-510-552,NULL
2629,076-510-552(นิติฯ),NULL
2630,076-602-299(นิติฯ),NULL
2631,076-606-229,NULL
2632,076-613-636,NULL
2633,076-681-427,NULL
2634,076-681-427(นิติฯ),NULL
2635,076-682-603,NULL
2636,076-682-603(นิติฯ),NULL
2637,076-682-603,NULL
2638,076-684-201,NULL
2639,076-684-201(นิติฯ),NULL
2640,080-1389638,NULL
2641,080-211-3322**(เจ้าหน้าที่ITคุณนราธิปเบอร์095-313-9921),NULL
2642,080-227-6765,NULL
2643,080-538-2289,NULL
2644,080-5935825,NULL
2645,080-593-5825,NULL
2646,080-6505186,NULL
2647,080-650-5186,NULL
2648,080-999-9859,NULL
2649,081-099-8187,NULL
2650,081-1109218,NULL
2651,081-1109218,NULL
2652,081-2097789,NULL
2653,081-256-8016,NULL
2654,081-256-8911,NULL
2655,081-3512804,NULL
2656,081-353-3937,NULL
2657,081-354-6280,NULL
2658,081-3592499,NULL
2659,081-466-4042(นิติฯ),NULL
2660,081-467-8402)หรือคุณวศิมนเรืองเล็ก(081-174-0285)หีรือทนายที่ปรึกษาเพื่อดำเนินการให้เสร็จสิ้นเรียบร้อย,NULL
2661,081-4855151,NULL
2662,081-487-6481,NULL
2663,081-6658983,NULL
2664,081-720-1978,NULL
2665,081-8306179,NULL
2666,081-8595329,NULL
2667,081-894-3283,NULL
2668,081-9195687,NULL
2669,081-9369261,NULL
2670,082-054-1385,NULL
2671,082-204-2591(นิติฯ),NULL
2672,082-377-6662(นิติฯ),NULL
2673,082-521-8594,NULL
2674,082-7149044,NULL
2675,082-920-9548,NULL
2676,083-0990548,NULL
2677,083-1112620,NULL
2678,083-7694411,NULL
2679,083-8989080,NULL
2680,083-8989080,NULL
2681,084-438-9751,NULL
2682,084-525-7794,NULL
2683,084-6807712,NULL
2684,084-7195830,NULL
2685,085-073-0696,NULL
2686,085-2342566,NULL
2687,085-2342566,NULL
2688,085-3414448,NULL
2689,085-555-1330คุณเล็ก,NULL
2690,086-0507179,NULL
2691,086-1350265,NULL
2692,086-2823355,NULL
2693,086-282-3355,NULL
2694,086-3220178,NULL
2695,086-3248373,NULL
2696,086-325-8011,NULL
2697,086-3258012,NULL
2698,086-325-8061,NULL
2699,086-3314096,NULL
2700,086-3324119,NULL
2701,086-3352316,NULL
2702,086-3355890,NULL
2703,086-340-1951(นิติฯ),NULL
2704,086-341-9976,NULL
2705,086-378-6501,NULL
2706,086-5557987,NULL
2707,086-7056861,NULL
2708,086-826-9975,NULL
2709,086-900171402-7517808,NULL
2710,086-9058216,NULL
2711,087-3533721,NULL
2712,087-362-3596,NULL
2713,087-4875659,NULL
2714,087-5006496,NULL
2715,087-5483202,NULL
2716,087-548-3202,NULL
2717,087-5974121,NULL
2718,087-597-4121,NULL
2719,087-6894391,NULL
2720,087-6972722,NULL
2721,087-9290505,NULL
2722,088-0319699,NULL
2723,088-4903663,NULL
2724,088-5851857,NULL
2725,088-691-8414(นิติ),NULL
2726,089-1090315,NULL
2727,089-1145416,NULL
2728,089-135-4886,NULL
2729,089-136-8224,NULL
2730,089-2076094,NULL
2731,089-2170410,NULL
2732,089-2333189,NULL
2733,089-407-0499095-505-5215,NULL
2734,089-6604486,NULL
2735,089-7508833,NULL
2736,089-7750999,NULL
2737,089-797-2002,NULL
2738,089-799-3924,NULL
2739,089-813-5593,NULL
2740,089-9201579,NULL
2741,090-0123661,NULL
2742,091-051-3672,NULL
2743,091-0807712,NULL
2744,091-120-5879,NULL
2745,091-575-4552,NULL
2746,091-7134221,NULL
2747,091-7525350,NULL
2748,091-7764020,NULL
2749,091-871-5822,NULL
2750,091-8843650,NULL
2751,091-8895388,NULL
2752,092-2238809,NULL
2753,092-247-2237,NULL
2754,092-2485552,NULL
2755,092-248-5552,NULL
2756,092-2690607,NULL
2757,092-279-5319,NULL
2758,092-4061099,NULL
2759,092-4141951,NULL
2760,092-414-1951,NULL
2761,092-4187776,NULL
2762,092-4193694,NULL
2763,092-6944119,NULL
2764,092-7016464,NULL
2765,093-0916998,NULL
2766,093-4525355,NULL
2767,093-5455575,NULL
2768,094-3376662,NULL
2769,094-491-3987,NULL
2770,094-959-5635,NULL
2771,095-008-0133,NULL
2772,095-206-9189,NULL
2773,095-252-4048,NULL
2774,095-2806366,NULL
2775,095-4129651,NULL
2776,095-5049445,NULL
2777,095-5159497,NULL
2778,095-7093457,NULL
2779,095-771-6123,NULL
2780,095-821-7831,NULL
2781,095-882-6898,NULL
2782,095-9354656,NULL
2783,095-9582567,NULL
2784,096-298-0239,NULL
2785,096-742-3985,NULL
2786,097-006-834202-9386439,NULL
2787,097-0093910,NULL
2788,097-0255613,NULL
2789,097-0796317,NULL
2790,097-174-1237,NULL
2791,097-9608370,NULL
2792,098-097-7824,NULL
2793,098-2707015,NULL
2794,098-3132463,NULL
2795,098-748-3855,NULL
2796,098-8251191,NULL
2797,098-825-1191(นิติฯ),NULL
2798,098-838-7283,NULL
2799,098-9267078,NULL
2800,099-226-2588,NULL
2801,099-2621999,NULL
2802,099-287-3863,NULL
2803,099-3957898,NULL
2804,099-486-1589,NULL
2805,099-6728629,NULL
